Row ID,Order ID,Order Date,Customer Name,Segment,Country,Postal Code,Category,Sales,Quantity
528,CA-2018-118168,05/13/2016,Darrin Van Huff,corporate,USA,77041,Technology,629.86,4.0
360,CA-2016-106291,2017-09-15,Ken Lonsdale,Consumer,US,77041,Office Supplies,1464.64,5.0
448,CA-2017-133460,11/29/2017,Darrin Van Huff,Home Office,United States,10008.0,Office Supplies,184.82,9.0
32,CA-2019-119476,03-Jul-18,Ken Lonsdale,Consumer,,77041,Technology,$745.52,9.0
622,CA-2018-106179,05-Mar-16,Ruben Hope,Home Office,United States,10008,Technology,1097.8,8.0
591,CA-2017-103836,2017-10-29,Brosina Hoffman,Consumer,United States,10008,Office Supplies,370.56,5.0
906,CA-2018-166411,02/10/2017,Ruben Hope,Home Office,United States of America,2108,Technology,711.78 USD,9.0
738,CA-2016-116749,2019-02-24,CLAIRE GUTE,Consumer,United States of America,90036,office supplies,1104.47,5.0
77,CA-2019-172856,2018-10-12,Ken Lonsdale,Corporate,United States of America,10008,Technology,627.68,2.0
949,CA-2018-194443,03-Aug-18,Ken Lonsdale,home office,USA,,Technology,$417.96,
433,CA-2016-162394,2017-02-08,,Corporate,US,60610,Office Supplies,268.92,9.0
71,CA-2017-114764,2017-11-08,  sean o'donnell  ,Corporate,United States of America,60610,Office Supplies,375.83,5.0
681,CA-2016-120052,2019-09-01,Sandra Flanagan,Corporate,USA,,Furniture,916.21,3.0
102,CA-2016-121473,10/13/2018,Zuschuss Donatelli,Corporate,USA,02108,Office Supplies,543.39,2.0
846,CA-2018-197111,2016-07-14,,corporate,USA,60610,Furniture,"$1,111.58",3.0
657,CA-2019-134559,2017-03-27,Sean O'Donnell,Corporate,USA,02108,Furniture,$365.12,6.0
311,CA-2016-193007,09/14/2017,Sandra Flanagan,Consumer,United States,60610,Office Supplies,$256.49,6.0
345,CA-2019-156769,02/12/2017,Sandra Flanagan,Consumer,United States of America,02108,Technology,98.29,4.0
838,CA-2018-112960,04/11/2017,Ken Lonsdale,Home Office,United States of America,10008,Technology,365.84,6.0
175,CA-2017-139562,01/14/2016,RUBEN HOPE,Home Office,US,77041,Furniture,453.95,6.0
97,CA-2018-112234,09/02/2019,SEAN O'DONNELL,Home Office,,77041.0,Technology,"$1,021.57",6.0
823,CA-2017-169374,,Brosina Hoffman,Consumer,United States of America,60610,Technology,264.17,9.0
599,CA-2019-147056,01/30/2019,,,United States of America,77041,office supplies,$900.60,2.0
219,CA-2018-122972,20-Aug-19,  brosina hoffman  ,Home Office,US,10008,furniture,521.11,9.0
421,CA-2018-194580,30-Aug-19,Ken Lonsdale,Home Office,US,90036,Technology,282.64 USD,7.0
209,CA-2018-184907,2017-02-19,Brosina Hoffman,Consumer,United States of America,10008.0,Furniture,891.45,9.0
775,CA-2019-181228,14-Jun-19,  sean o'donnell  ,Home Office,United States,10008,Technology,-999.0,6.0
291,CA-2019-160008,26-Feb-18,,Consumer,United States,10008,office supplies,162.31,9.0
890,CA-2016-183743,2018-07-24,Sean O'Donnell,Corporate,United States,60610,Technology,301.64,2.0
671,CA-2016-109321,29-Jun-19,  darrin van huff  ,Consumer,United States of America,60610,furniture,642.41,3.0
904,CA-2018-119560,2017-01-06,Brosina Hoffman,,United States of America,90036,Technology,212.64,5.0
10412,CA-2019-134674,07/08/2016,Sandra Flanagan,consumer,United States of America,60610,Office Supplies,1050.98,4.0
637,CA-2018-129753,2019-08-15,Ken Lonsdale,Corporate,United States of America,77041,Furniture,307.27,2.0
330,CA-2017-170070,2016-08-25,Ruben Hope,Home Office,USA,02108,Office Supplies,"$1,448.02",1.0
10738,CA-2016-116749,2019-02-24,CLAIRE GUTE,Consumer,United States of America,90036,office supplies,1104.47,5.0
763,CA-2017-149052,08/28/2019,Darrin Van Huff,Corporate,United States,77041,Furniture,1133.8,3.0
491,CA-2016-168521,30-Nov-16,Ruben Hope,Consumer,United States of America,60610,Office Supplies,89.49 USD,
351,CA-2019-104282,2016-02-01,Ruben Hope,Corporate,United States of America,60610,Office Supplies,778.33,10.0
501,CA-2016-108784,06/03/2017,,Home Office,United States of America,77041,Office Supplies,51.41,2.0
308,CA-2016-138138,2016-06-28,Brosina Hoffman,Corporate,United States,60610,Office Supplies,"$1,401.22",10.0
854,CA-2016-187525,2016-08-12,Ken Lonsdale,Consumer,United States of America,,Office Supplies,528.11 USD,7.0
352,CA-2018-172470,11/21/2016,KEN LONSDALE,consumer,United States,90036,Office Supplies,980.52,7.0
644,CA-2018-108442,27-May-16,Darrin Van Huff,Corporate,USA,,office supplies,93.69,7.0
440,CA-2019-136289,08/11/2018,Sean O'Donnell,Home Office,United States of America,02108,office supplies,341.72,6.0
820,CA-2018-108833,05-Mar-18,Brosina Hoffman,Home Office,USA,02108,Office Supplies,1019.01 USD,10.0
834,CA-2016-140811,05/10/2016,Darrin Van Huff,Home Office,United States of America,77041,Technology,1318.12,4.0
519,CA-2018-179366,28-Mar-19,Zuschuss Donatelli,,United States,02108,Office Supplies,$475.25,1.0
555,CA-2019-173793,2016-09-08,Brosina Hoffman,Consumer,United States of America,2108,Furniture,905.14,10.0
290,CA-2018-177003,19-Feb-17,  brosina hoffman  ,Consumer,USA,77041,Office Supplies,1264.75,7.0
293,CA-2016-170078,2018-03-11,Zuschuss Donatelli,Consumer,United States of America,60610,Office Supplies,$899.32,7.0
214,CA-2018-137363,03/05/2017,SANDRA FLANAGAN,Home Office,United States,10008,Technology,$348.94,4.0
967,CA-2018-157133,03-Sep-19,Claire Gute,Consumer,USA,77041,Technology,1393.17,10.0
60,CA-2017-164752,02/23/2016,Sean O'Donnell,Corporate,United States of America,60610.0,Office Supplies,677.71,10.0
693,CA-2019-183598,04/02/2018,Zuschuss Donatelli,Corporate,United States,,technology,430.06,8.0
322,CA-2016-180678,07/31/2018,Ruben Hope,corporate,United States of America,90036,Furniture,986.67,3.0
11,CA-2017-166307,2017-06-27,Brosina Hoffman,Home Office,United States,60610,Furniture,"$1,114.91",5.0
332,CA-2017-123295,18-Mar-18,Darrin Van Huff,Home Office,United States,2108,Technology,202.61,1.0
335,CA-2016-100285,31-Oct-16,Sandra Flanagan,Corporate,USA,02108,Office Supplies,1459.41,4.0
919,CA-2016-171498,2017-09-27,Sean O'Donnell,Consumer,United States,77041,Furniture,850.18,4.0
87,CA-2017-162784,2017-10-05,Zuschuss Donatelli,Home Office,United States of America,60610,Furniture,695.13,7.0
333,CA-2018-192727,2016-06-23,Sandra Flanagan,Corporate,,90036,furniture,340.35,7.0
744,CA-2017-165099,2016-10-18,  ken lonsdale  ,consumer,US,77041,furniture,417.65,2.0
451,CA-2019-151249,2019-04-26,Brosina Hoffman,Corporate,US,2108,Furniture,788.74,2.0
469,CA-2019-137330,01/03/2019,Darrin Van Huff,Consumer,US,90036,furniture,"$1,041.96",7.0
306,CA-2017-193315,20-Oct-16,CLAIRE GUTE,Corporate,United States of America,77041,Furniture,$991.32,
31,CA-2019-112217,2017-04-05,Sean O'Donnell,Home Office,United States of America,60610,Furniture,417.99,1.0
559,CA-2018-131302,2017-02-23,Ruben Hope,Home Office,US,90036.0,Technology,791.69,4.0
406,CA-2019-143274,24-Mar-19,,Consumer,US,77041,Technology,640.98,7.0
55,CA-2016-168614,2018-01-08,Claire Gute,Home Office,USA,02108,Office Supplies,531.69,8.0
24,CA-2017-190519,02-Sep-18,  claire gute  ,Home Office,USA,60610,Furniture,476.74,8.0
762,CA-2016-174061,17-Dec-16,Darrin Van Huff,,USA,90036,Furniture,$14.81,6.0
482,CA-2017-192830,11-Oct-18,Claire Gute,Consumer,US,90036,Office Supplies,890.5,6.0
4,CA-2018-197912,04/12/2019,Brosina Hoffman,corporate,United States,10008,Office Supplies,704.73,2.0
232,CA-2016-110780,11/02/2017,Zuschuss Donatelli,Consumer,US,2108,Technology,162.23,7.0
356,CA-2019-126177,03/07/2019,Darrin Van Huff,Home Office,USA,90036,Furniture,$560.63,6.0
674,CA-2018-111668,2018-05-09,Claire Gute,Consumer,United States of America,60610,Office Supplies,169.32,
757,CA-2016-192558,2016-12-26,  darrin van huff  ,Corporate,United States,90036,Technology,,3.0
844,CA-2017-176322,06/21/2016,Brosina Hoffman,,United States,90036.0,Technology,789.14,7.0
668,CA-2017-123414,12/25/2017,Ruben Hope,Corporate,United States of America,10008.0,Technology,87.86,1.0
216,CA-2017-175775,2019-02-06,Sandra Flanagan,Corporate,US,77041,Technology,$629.57,8.0
635,CA-2016-163632,01-Dec-18,Sean O'Donnell,Corporate,United States of America,60610,Furniture,1414.74,6.0
319,CA-2018-136152,26-May-18,Brosina Hoffman,Corporate,United States,2108,Technology,1394.74 USD,7.0
987,CA-2019-174221,2019-03-30,SANDRA FLANAGAN,Consumer,USA,77041,Technology,498.29,9.0
353,CA-2018-110874,2018/13/45,DARRIN VAN HUFF,Consumer,United States,02108,office supplies,"$1,439.03",7.0
716,CA-2017-169813,14-Sep-16,Ruben Hope,corporate,United States,02108,Furniture,$96.19,4.0
395,CA-2017-195336,06/01/2016,Sandra Flanagan,Consumer,United States of America,60610,Furniture,942.79,4.0
199,CA-2016-100110,02/20/2019,Claire Gute,Corporate,United States of America,10008,Office Supplies,,8.0
595,CA-2017-195414,2018/13/45,Sean O'Donnell,Home Office,United States,77041,Furniture,866.94,10.0
864,CA-2018-161740,2017-10-31,  zuschuss donatelli  ,Consumer,United States,,Office Supplies,1450.94,10.0
925,CA-2017-175891,2016-07-11,Sean O'Donnell,consumer,United States,60610,Office Supplies,675.06,10.0
40,CA-2017-108992,2019-02-09,Brosina Hoffman,home office,US,,Furniture,1183.71 USD,5.0
791,CA-2017-121729,,Ken Lonsdale,Home Office,United States of America,60610,Technology,1427.27,7.0
315,CA-2018-186397,12/29/2018,Ruben Hope,Corporate,United States,10008,Technology,$541.80,10.0
762,CA-2016-174061,17-Dec-16,Darrin Van Huff,,USA,90036,Furniture,$14.81,6.0
581,CA-2016-104015,2019-10-10,Sean O'Donnell,Corporate,United States of America,10008,Furniture,203.98,4.0
67,CA-2019-119848,25-Apr-18,Sandra Flanagan,Consumer,United States of America,02108,Technology,1082.78,4.0
718,CA-2018-150572,2018-02-08,Ruben Hope,Consumer,United States,,Furniture,-999.0,4.0
68,CA-2018-137880,28-Feb-17,Ruben Hope,Home Office,United States of America,77041,Office Supplies,123.15,9.0
295,CA-2018-142384,2016-12-21,Ken Lonsdale,Home Office,United States,77041,Technology,1383.72,7.0
922,CA-2016-117625,04/02/2018,Brosina Hoffman,Corporate,United States of America,90036,Office Supplies,1442.32,7.0
465,CA-2016-186967,09/03/2019,Ken Lonsdale,Corporate,United States of America,77041.0,Furniture,485.66,5.0
108,CA-2016-102857,2016-05-12,SEAN O'DONNELL,Corporate,United States of America,77041,Furniture,$671.79,10.0
630,CA-2016-192924,03-Jul-16,,Corporate,USA,77041.0,technology,1160.64,3.0
577,CA-2018-188327,2016-11-22,  ruben hope  ,Corporate,US,2108,Technology,853.96,9.0
255,CA-2019-199267,10/04/2019,Sean O'Donnell,Home Office,,90036.0,Technology,1039.25,10.0
724,CA-2018-113068,2019-03-03,Brosina Hoffman,Consumer,US,02108,Office Supplies,587.71,6.0
930,CA-2017-142293,2019-02-16,Zuschuss Donatelli,Consumer,US,77041,Technology,391.02,2.0
540,CA-2018-135264,2016-04-16,  claire gute  ,Corporate,US,60610,Technology,160.29,9.0
916,CA-2016-156015,16-Oct-16,Sandra Flanagan,consumer,US,90036,Office Supplies,$45.22,9.0
526,CA-2019-151949,2019-04-20,Zuschuss Donatelli,Corporate,United States,02108,Technology,1345.39,1.0
544,CA-2016-176871,07/19/2018,Brosina Hoffman,Corporate,United States of America,90036,Technology,"$1,401.29",6.0
755,CA-2018-179133,2016-09-13,Sandra Flanagan,Home Office,United States of America,10008,office supplies,1183.37,4.0
101,CA-2017-136368,06/20/2016,Sean O'Donnell,Home Office,USA,10008.0,Furniture,178.4,3.0
89,CA-2019-113886,2016-01-22,Brosina Hoffman,Home Office,United States,02108,Furniture,517.88,8.0
64,CA-2019-103037,07/03/2016,,Corporate,United States of America,90036,Office Supplies,603.87,9.0
849,CA-2018-123245,06/27/2019,Darrin Van Huff,Corporate,United States,77041,Furniture,627.75,4.0
894,CA-2017-187742,06/19/2017,Brosina Hoffman,Home Office,US,60610,Technology,622.69,3.0
140,CA-2016-156165,25-Jul-17,  zuschuss donatelli  ,consumer,USA,60610,Furniture,480.2,7.0
604,CA-2019-157253,2016-10-31,Brosina Hoffman,corporate,United States,77041,Furniture,"$1,193.68",10.0
621,CA-2017-107008,21-Feb-17,Sandra Flanagan,Home Office,United States,02108,Technology,196.24,5.0
543,CA-2019-149640,12-Sep-19,Brosina Hoffman,Corporate,US,02108,Furniture,788.8,
495,CA-2016-100035,,Zuschuss Donatelli,Corporate,USA,10008,technology,1156.81,4.0
590,CA-2019-160851,10/19/2017,Zuschuss Donatelli,Home Office,United States of America,2108,Furniture,1440.72,8.0
110,CA-2018-176544,2017-04-21,Zuschuss Donatelli,home office,US,77041,Technology,1108.47,10.0
963,CA-2018-149807,2019-09-15,Sean O'Donnell,Consumer,United States,10008,Office Supplies,1092.6,8.0
248,CA-2016-133247,30-Oct-18,RUBEN HOPE,Consumer,USA,10008.0,Technology,$216.98,1.0
923,CA-2018-189125,2016-08-14,Darrin Van Huff,Home Office,United States,60610,Furniture,585.51,8.0
698,CA-2018-132422,02-Jun-16,KEN LONSDALE,Home Office,US,,Technology,230.26,7.0
487,CA-2018-191531,2017-02-02,Brosina Hoffman,,United States,10008,Technology,676.98,1.0
137,CA-2017-118111,25-Apr-18,Zuschuss Donatelli,Corporate,US,02108,Furniture,1043.0,10.0
933,CA-2017-108038,23-Apr-18,Brosina Hoffman,consumer,United States,02108,Office Supplies,"$1,477.95",5.0
689,CA-2018-181777,01/07/2017,Sean O'Donnell,Corporate,United States of America,10008,Office Supplies,130.15,3.0
759,CA-2017-158412,03/21/2016,Zuschuss Donatelli,Corporate,United States of America,90036,Office Supplies,"$1,374.24",
159,CA-2018-164532,03/22/2019,Zuschuss Donatelli,consumer,United States of America,60610.0,Office Supplies,"$1,031.08",2.0
494,CA-2017-177759,09/13/2017,Brosina Hoffman,Consumer_typo,United States,10008,Office Supplies,589.18,4.0
502,CA-2018-189764,2018-10-01,Darrin Van Huff,Consumer,United States,2108,Office Supplies,1057.54,10.0
683,CA-2018-198422,2017-10-07,Zuschuss Donatelli,Consumer,USA,10008,furniture,812.57,1.0
974,CA-2018-182322,2019-08-04,Brosina Hoffman,Consumer_typo,United States,02108,Furniture,1468.71,4.0
257,CA-2019-106674,2017-11-14,Ken Lonsdale,Home Office,United States,77041,Office Supplies,$95.75,10.0
735,CA-2016-108967,2018-01-13,Ken Lonsdale,Corporate,USA,77041,Office Supplies,1082.92,9.0
858,CA-2016-142457,2018-09-11,SANDRA FLANAGAN,home office,USA,90036,Furniture,783.53,9.0
960,CA-2018-126769,2016-03-13,Ruben Hope,Home Office,United States of America,77041,furniture,587.08,10.0
618,CA-2019-144553,2019-01-05,Zuschuss Donatelli,,US,02108,Technology,631.01,10.0
984,CA-2018-174596,08-Mar-16,Claire Gute,Home Office,United States,90036,Technology,589.93,4.0
902,CA-2018-116357,2018-06-21,Ruben Hope,home office,US,02108,Furniture,1263.06,1.0
211,CA-2018-112752,23-Jul-18,DARRIN VAN HUFF,Home Office,United States of America,60610,Furniture,$506.58,3.0
169,CA-2016-133202,12-Sep-18,Claire Gute,,USA,02108,Furniture,1037.67,8.0
940,CA-2019-195406,2017-10-29,Ken Lonsdale,Corporate,US,10008,Technology,32.88,6.0
441,CA-2017-175292,27-Dec-17,Sean O'Donnell,,US,90036,Office Supplies,,8.0
372,CA-2016-191956,23-Feb-17,SANDRA FLANAGAN,Home Office,United States,2108,Technology,-999.0,9.0
546,CA-2019-132921,10-Jul-17,  ruben hope  ,Consumer,USA,10008,technology,$849.91,7.0
56,CA-2016-193853,2018-07-26,Brosina Hoffman,Corporate,,2108,Technology,191.09,7.0
121,CA-2018-193004,11/03/2018,Claire Gute,Consumer,USA,02108,technology,561.84,6.0
617,CA-2016-177872,05-Sep-19,Zuschuss Donatelli,consumer,United States of America,02108,Office Supplies,493.68,6.0
26,CA-2016-108564,03/31/2018,Claire Gute,corporate,US,77041,Office Supplies,449.54,2.0
73,CA-2016-168879,03-Jul-18,DARRIN VAN HUFF,Home Office,United States of America,10008,Furniture,772.31,1.0
533,CA-2019-134782,09-Jan-16,,Consumer,,02108,Technology,$434.90,4.0
45,CA-2017-120632,2019-06-19,Ken Lonsdale,Corporate,United States,2108,Office Supplies,86.9,
297,CA-2019-196895,2017-11-04,Claire Gute,Home Office,USA,10008,Technology,337.55,2.0
200,CA-2017-111097,08-Oct-16,Ken Lonsdale,Corporate,US,90036,Office Supplies,$866.65,1.0
754,CA-2017-173744,12/19/2016,Ken Lonsdale,Consumer,United States of America,02108,Furniture,106.06,7.0
794,CA-2019-184466,01-Nov-17,,Home Office,US,10008.0,Office Supplies,645.02,10.0
486,CA-2019-164291,01/27/2016,Zuschuss Donatelli,Consumer,USA,2108,Office Supplies,372.93,8.0
210,CA-2016-104855,2017-11-25,KEN LONSDALE,Home Office,US,02108,Furniture,33.5,
266,CA-2019-157682,29-Sep-18,Sean O'Donnell,Corporate,United States,77041,Furniture,$615.89,10.0
378,CA-2017-108802,06/17/2018,DARRIN VAN HUFF,Consumer,,02108,Furniture,116.79,7.0
895,CA-2017-112008,10-Oct-18,Ken Lonsdale,Consumer,US,2108,Furniture,1103.28 USD,7.0
789,CA-2017-198856,2017-08-24,  zuschuss donatelli  ,Home Office,United States of America,02108,Office Supplies,1348.8,8.0
529,CA-2017-104823,2016-06-11,Darrin Van Huff,home office,USA,60610,Technology,830.42,1.0
452,CA-2017-109227,11/30/2017,  zuschuss donatelli  ,Home Office,United States of America,10008,Office Supplies,1275.7,2.0
596,CA-2016-183006,05-Nov-16,Darrin Van Huff,Corporate,United States,90036,Furniture,1083.9,8.0
746,CA-2019-144659,04/02/2017,Claire Gute,Home Office,United States,77041,Office Supplies,46.1,3.0
966,CA-2016-174150,02/27/2017,Claire Gute,Consumer,United States of America,10008,Technology,326.37,1.0
527,CA-2017-104284,09/30/2016,Ruben Hope,,United States,60610.0,Furniture,1346.1,9.0
307,CA-2018-150264,2017-07-28,Darrin Van Huff,Home Office,US,60610.0,Office Supplies,1077.58,7.0
320,CA-2017-162869,16-Oct-18,Darrin Van Huff,home office,United States of America,02108,Technology,68.32,4.0
61,CA-2019-165911,2016-04-23,Sean O'Donnell,Corporate,United States,60610,Technology,"$1,412.70",10.0
483,CA-2018-136890,2016-11-26,Claire Gute,Consumer,United States,02108,Technology,678.93,6.0
855,CA-2018-195863,2019-04-13,Brosina Hoffman,Consumer,US,2108,Technology,"$1,038.58",1.0
616,CA-2016-190105,09/05/2018,Claire Gute,Consumer,United States of America,02108,Technology,$561.72,8.0
542,CA-2016-187952,2017-05-24,Brosina Hoffman,Home Office,United States,2108,Furniture,$673.38,2.0
429,CA-2018-159031,12-Jun-17,  sean o'donnell  ,Consumer,USA,10008,Furniture,"$1,044.15",5.0
185,CA-2019-196360,21-Mar-16,Claire Gute,Corporate,USA,90036,Furniture,174.19,
882,CA-2019-163994,30-Mar-18,Ken Lonsdale,Consumer_typo,United States,10008.0,Furniture,1081.46,5.0
983,CA-2017-105478,31-Jul-17,Claire Gute,Corporate,US,02108,Office Supplies,921.25,10.0
600,CA-2016-154046,2017-04-12,Darrin Van Huff,Consumer,US,2108.0,Furniture,926.13,8.0
907,CA-2017-185255,16-Apr-18,Zuschuss Donatelli,Home Office,United States,,Furniture,$604.34,1.0
779,CA-2019-185172,2018/13/45,Brosina Hoffman,corporate,United States,10008,Furniture,968.7 USD,7.0
262,CA-2016-158009,2016-10-25,  darrin van huff  ,,US,90036,Office Supplies,1329.25,6.0
343,CA-2018-121164,05/19/2016,Darrin Van Huff,Corporate,United States of America,10008,Office Supplies,1286.22,6.0
523,CA-2017-154734,11/06/2016,  brosina hoffman  ,Consumer,United States of America,2108,Office Supplies,517.39,10.0
238,CA-2016-170232,03/14/2017,Ken Lonsdale,Consumer,USA,60610,Office Supplies,453.36,9.0
111,CA-2017-164517,01/15/2019,Claire Gute,Home Office,US,,Technology,$216.77,9.0
498,CA-2018-153346,22-Dec-16,Ruben Hope,Home Office,USA,90036,Office Supplies,811.12,3.0
517,CA-2019-122010,2017-04-28,  darrin van huff  ,Consumer,USA,10008,Furniture,$772.30,9.0
362,CA-2017-152455,2017-01-19,Zuschuss Donatelli,Consumer,,02108,Technology,$531.18,9.0
430,CA-2017-103670,09-Mar-17,Zuschuss Donatelli,Home Office,USA,60610,Office Supplies,1306.82,2.0
974,CA-2018-182322,2019-08-04,Brosina Hoffman,Consumer_typo,United States,02108,Furniture,1468.71,4.0
278,CA-2016-143724,2018-11-30,Sandra Flanagan,Home Office,United States of America,90036,Technology,103.36,2.0
261,CA-2017-184815,01/14/2018,Brosina Hoffman,Consumer,US,02108,Technology,346.13,9.0
833,CA-2016-163810,2018-06-24,  brosina hoffman  ,home office,USA,90036,Technology,337.85,9.0
797,CA-2016-177435,10-Feb-17,Claire Gute,Corporate,USA,2108,Technology,$626.89,4.0
645,CA-2016-109658,01/24/2019,Claire Gute,Corporate,US,60610,furniture,591.98,1.0
405,CA-2016-170481,07/28/2018,SEAN O'DONNELL,Consumer_typo,US,77041,Office Supplies,964.19,3.0
843,CA-2018-191315,04/19/2019,Ruben Hope,home office,United States,02108,furniture,794.86,8.0
836,CA-2017-178829,2019-10-02,Ken Lonsdale,Consumer,USA,02108,Furniture,1489.03,4.0
138,CA-2018-155363,27-Jan-16,Claire Gute,Consumer,United States,02108,Technology,1110.54,
535,CA-2016-109991,,BROSINA HOFFMAN,Corporate,United States,60610,Furniture,$142.59,4.0
496,CA-2016-162456,2016-12-23,Sandra Flanagan,Consumer_typo,United States of America,,Office Supplies,621.57,5.0
245,CA-2017-177858,04/20/2018,Sean O'Donnell,Corporate,US,77041,Technology,941.81,3.0
771,CA-2019-122313,2018-06-27,Zuschuss Donatelli,Consumer,United States,02108,Furniture,79.6,9.0
531,CA-2017-167211,05/21/2019,Sean O'Donnell,Home Office,,77041,Technology,1106.14,10.0
573,CA-2018-146907,2016-12-16,Darrin Van Huff,corporate,US,02108,Furniture,635.74,9.0
828,CA-2016-161438,12-Jan-19,Ken Lonsdale,Home Office,United States,10008,Furniture,756.37,10.0
412,CA-2019-134674,07/08/2016,Sandra Flanagan,consumer,United States of America,60610,Office Supplies,1050.98,4.0
717,CA-2016-144990,12/23/2018,Sean O'Donnell,Home Office,US,2108,Office Supplies,1463.26,5.0
437,CA-2016-186431,09-Mar-18,Brosina Hoffman,corporate,United States,02108,technology,1465.88,10.0
860,CA-2018-122193,25-May-17,  claire gute  ,Corporate,United States of America,10008,Furniture,,6.0
809,CA-2018-103561,05/25/2016,Darrin Van Huff,Home Office,USA,02108,office supplies,371.72,5.0
372,CA-2016-191956,23-Feb-17,SANDRA FLANAGAN,Home Office,United States,2108,Technology,-999.0,9.0
79,CA-2018-140425,06/19/2017,Darrin Van Huff,Corporate,US,90036,Furniture,348.88,6.0
30,CA-2019-167449,03-Jan-16,Claire Gute,Corporate,US,2108,Technology,$362.75,9.0
381,CA-2018-146109,01/31/2017,  brosina hoffman  ,Corporate,United States,2108,Furniture,$274.99,6.0
281,CA-2018-180753,09/05/2017,Claire Gute,Home Office,US,02108,Furniture,$115.23,2.0
300,CA-2019-154502,19-Mar-18,,Consumer,United States of America,02108,Technology,638.94,1.0
663,CA-2016-182483,2018-01-01,DARRIN VAN HUFF,,United States,77041,Office Supplies,"$1,270.79",7.0
656,CA-2016-111594,2017-08-28,Sean O'Donnell,Home Office,United States,60610,Technology,928.46,5.0
310,CA-2017-191803,2016-04-17,Zuschuss Donatelli,Consumer,United States of America,77041,Furniture,$824.27,6.0
166,CA-2016-156418,,Ruben Hope,Corporate,United States of America,10008,Technology,1028.54,2.0
579,CA-2019-182059,22-Jan-19,Claire Gute,Corporate,United States of America,10008,Office Supplies,1171.47,8.0
179,CA-2016-114728,2016-04-21,ZUSCHUSS DONATELLI,Consumer,US,60610,Technology,32.49,5.0
10741,CA-2017-147396,2016-01-31,Zuschuss Donatelli,Corporate,USA,2108.0,Technology,1109.69,7.0
66,CA-2018-162245,02/04/2016,Ken Lonsdale,Home Office,USA,60610,Technology,1163.04,2.0
142,CA-2018-167411,11/07/2018,Brosina Hoffman,Consumer,United States,10008,Furniture,1243.98,2.0
468,CA-2018-153635,01/21/2016,Brosina Hoffman,home office,,2108,Furniture,1353.81,5.0
389,CA-2017-149950,2019-08-22,Brosina Hoffman,Home Office,United States,60610,Furniture,1199.51,4.0
850,CA-2018-120873,08/13/2017,Ken Lonsdale,Consumer,United States of America,60610,Technology,585.44,3.0
426,CA-2018-179929,2017-05-26,,Home Office,US,10008,Technology,487.47,4.0
334,CA-2016-164463,2016-12-13,Zuschuss Donatelli,Consumer,United States,10008,Technology,939.01,6.0
685,CA-2019-120196,10/19/2019,Darrin Van Huff,Consumer,United States of America,60610,Furniture,942.67,3.0
888,CA-2017-132435,30-Mar-19,Sean O'Donnell,Home Office,United States of America,90036.0,Office Supplies,405.19,4.0
424,CA-2017-149189,2019-01-05,  darrin van huff  ,Consumer,United States of America,02108,Office Supplies,998.03,9.0
973,CA-2019-140503,07/14/2016,Ruben Hope,Corporate,USA,90036,Office Supplies,898.72,7.0
222,CA-2017-121135,2017-05-02,Sean O'Donnell,Consumer,USA,77041,Office Supplies,1153.93,9.0
276,CA-2016-116702,15-Jun-17,Zuschuss Donatelli,Home Office,,2108,Office Supplies,1492.68,1.0
236,CA-2018-142006,2016-05-05,Ruben Hope,Consumer,United States of America,02108,Office Supplies,"$1,366.03",5.0
328,CA-2018-147973,07-Jul-18,Darrin Van Huff,Home Office,US,60610.0,Technology,1222.73,8.0
193,CA-2018-163369,12/08/2018,Darrin Van Huff,,United States of America,2108,Technology,503.27,1.0
530,CA-2018-108658,2016-04-10,Ken Lonsdale,Home Office,United States of America,02108,Technology,280.02,6.0
50,CA-2019-137243,31-May-17,Sean O'Donnell,Consumer,United States of America,90036,Technology,1420.93,9.0
991,CA-2019-189538,2019-03-26,Claire Gute,Home Office,USA,90036,Technology,614.55,1.0
3,CA-2018-191988,31-Oct-19,Brosina Hoffman,Home Office,United States,2108,Technology,475.44,5.0
941,CA-2017-163500,12/03/2017,Zuschuss Donatelli,corporate,US,77041,Technology,810.68,7.0
788,CA-2016-196440,27-Aug-17,Sean O'Donnell,Corporate,US,02108,Technology,856.96,7.0
927,CA-2019-126229,2016-07-11,Ruben Hope,Consumer,USA,2108,Technology,320.83,1.0
250,CA-2018-192933,02/22/2019,  sean o'donnell  ,Corporate,USA,2108,Technology,1381.02,5.0
553,CA-2016-110962,2017-10-22,  darrin van huff  ,Consumer,United States,60610.0,Furniture,472.7,5.0
950,CA-2017-175268,01/15/2017,Claire Gute,Home Office,US,90036,Furniture,464.75,8.0
175,CA-2017-139562,01/14/2016,RUBEN HOPE,Home Office,US,77041,Furniture,453.95,6.0
95,CA-2017-193243,2017-10-21,SANDRA FLANAGAN,Home Office,United States,02108,technology,1162.33,6.0
34,CA-2017-197880,07/04/2016,Darrin Van Huff,consumer,United States,02108,Furniture,123.06,3.0
260,CA-2016-173010,2017-07-01,Darrin Van Huff,Corporate,United States,,Furniture,181.5,9.0
205,CA-2018-185766,04/11/2019,Brosina Hoffman,Consumer,USA,02108,Furniture,,10.0
347,CA-2017-191316,06/13/2018,Claire Gute,consumer,US,2108.0,Office Supplies,751.67,1.0
594,CA-2019-145785,2019-11-01,Ruben Hope,Consumer,United States,02108,Technology,$862.91,2.0
329,CA-2019-152540,,,Home Office,USA,,Furniture,961.22,1.0
78,CA-2016-170206,2017-01-25,Claire Gute,Home Office,USA,90036,Office Supplies,1044.96,5.0
85,CA-2016-140405,06/29/2018,Darrin Van Huff,Home Office,United States,02108,Office Supplies,131.63,3.0
10679,CA-2019-110339,20-Mar-19,Ruben Hope,Home Office,US,60610,Office Supplies,"$1,007.77",4.0
83,CA-2017-176943,22-Oct-16,Zuschuss Donatelli,Corporate,US,2108,Office Supplies,118.65,6.0
371,CA-2017-176064,11/14/2018,ZUSCHUSS DONATELLI,Consumer_typo,United States of America,90036.0,Technology,893.54,2.0
937,CA-2018-195899,17-Mar-16,Zuschuss Donatelli,Home Office,USA,77041,Office Supplies,1139.88,6.0
896,CA-2019-102289,2017-10-16,Ruben Hope,Corporate,United States,10008,Furniture,-999.0,1.0
536,CA-2016-181309,2016-06-25,Brosina Hoffman,Home Office,United States of America,60610,Office Supplies,"$1,122.86",4.0
383,CA-2017-168287,04/17/2017,Ruben Hope,Consumer,United States of America,02108,Office Supplies,454.12,1.0
719,CA-2019-133408,2017-06-09,  darrin van huff  ,Home Office,US,02108,Furniture,$842.52,
299,CA-2019-199657,2018/13/45,Ken Lonsdale,Corporate,USA,02108,Furniture,297.6 USD,9.0
6,CA-2018-140306,2017-05-05,  darrin van huff  ,Consumer,United States of America,10008,Technology,1036.35,9.0
431,CA-2017-119672,23-Jul-17,Brosina Hoffman,Home Office,US,02108,Furniture,1442.68,8.0
605,CA-2018-104895,10-Feb-16,Darrin Van Huff,Home Office,United States,90036,Furniture,449.96,10.0
98,CA-2019-190968,09/27/2016,  darrin van huff  ,Corporate,US,10008.0,technology,976.78,7.0
287,CA-2019-130634,22-Nov-18,Sandra Flanagan,Consumer,United States of America,60610.0,Furniture,196.88 USD,6.0
382,CA-2018-117002,05/26/2019,DARRIN VAN HUFF,Consumer,US,02108,Technology,481.69,10.0
891,CA-2017-193890,2017-07-24,Sandra Flanagan,Consumer,United States of America,90036,Furniture,875.93,7.0
282,CA-2018-105754,2016-03-01,Zuschuss Donatelli,Home Office,USA,90036,Office Supplies,461.08,10.0
267,CA-2016-148688,09/16/2017,SEAN O'DONNELL,Consumer,US,77041.0,Technology,1306.29,7.0
449,CA-2017-152108,2018-11-12,Claire Gute,Home Office,United States,02108,Furniture,252.63,3.0
708,CA-2019-130188,19-Jan-18,Zuschuss Donatelli,Home Office,United States of America,60610,Office Supplies,$906.54,4.0
324,CA-2019-117225,2016-08-12,Ruben Hope,consumer,USA,60610,Office Supplies,232.98,4.0
409,CA-2016-105006,2018-01-26,Sean O'Donnell,Corporate,United States,60610,Office Supplies,1273.1,6.0
899,CA-2016-104762,15-Dec-17,BROSINA HOFFMAN,Corporate,USA,90036,Office Supplies,714.18,2.0
539,CA-2018-114860,07/13/2016,Darrin Van Huff,Consumer,United States,60610,Technology,1343.51 USD,7.0
119,CA-2019-114748,2018-04-28,Darrin Van Huff,Consumer,United States of America,77041,Technology,"$1,042.02",
694,CA-2016-111802,22-Aug-18,Ken Lonsdale,Home Office,US,2108,Office Supplies,-999.0,1.0
251,CA-2019-148963,2019-04-24,Darrin Van Huff,Corporate,United States,90036,Technology,"$1,196.57",1.0
665,CA-2018-186412,2019-10-30,Sean O'Donnell,Corporate,,02108,Furniture,342.13,8.0
667,CA-2019-192727,20-Jun-17,Sandra Flanagan,Corporate,US,,Furniture,441.6,10.0
10,CA-2016-124356,20-May-16,KEN LONSDALE,Consumer,USA,10008,Technology,477.68,2.0
197,CA-2019-174345,01-Dec-17,Darrin Van Huff,Corporate,United States,10008,Technology,571.47,10.0
713,CA-2017-109366,22-Jun-18,Darrin Van Huff,Home Office,United States,02108,Office Supplies,1185.91,9.0
82,CA-2016-112255,04/10/2018,Claire Gute,Corporate,United States,90036,office supplies,,6.0
584,CA-2017-135275,2016-03-18,  zuschuss donatelli  ,Consumer,US,10008,Furniture,673.75 USD,10.0
508,CA-2019-184677,2019-07-25,Sandra Flanagan,Consumer,US,90036,Office Supplies,805.26,7.0
669,CA-2018-115994,,Darrin Van Huff,Corporate,United States of America,77041,office supplies,481.04,6.0
240,CA-2017-133612,2019-05-16,BROSINA HOFFMAN,Corporate,United States,02108,Furniture,68.14,6.0
313,CA-2017-103018,16-Apr-19,Darrin Van Huff,Corporate,US,90036,technology,836.31,10.0
212,CA-2018-172536,12/03/2016,SEAN O'DONNELL,Home Office,,10008,Technology,1159.98,7.0
862,CA-2016-159727,11/15/2016,,Corporate,United States,02108,Technology,$634.36,1.0
550,CA-2017-189710,2018-05-10,Darrin Van Huff,Consumer,USA,10008,Office Supplies,918.37,1.0
480,CA-2018-172401,01/30/2017,Sandra Flanagan,Home Office,United States,2108,Technology,1169.42 USD,1.0
228,CA-2018-118837,2016-01-27,Sandra Flanagan,Consumer,US,60610,Technology,1204.86,1.0
911,CA-2016-134018,07/18/2019,Darrin Van Huff,Consumer,USA,10008,Office Supplies,1268.58,3.0
363,CA-2019-127795,11/04/2016,Claire Gute,Consumer,USA,10008,technology,$377.17,2.0
968,CA-2019-163511,01-Jul-17,,Corporate,USA,90036,Office Supplies,1109.63,3.0
178,CA-2017-173553,15-Jun-19,Zuschuss Donatelli,home office,United States of America,02108,Furniture,,4.0
885,CA-2016-137465,06-Jun-17,Zuschuss Donatelli,Corporate,USA,90036,Office Supplies,299.64 USD,7.0
939,CA-2019-187420,11-Feb-18,Zuschuss Donatelli,Consumer,United States of America,90036,Furniture,394.76,7.0
500,CA-2018-198281,15-Apr-18,Sandra Flanagan,Consumer,United States,90036,Furniture,149.4 USD,1.0
680,CA-2017-134750,,Brosina Hoffman,Corporate,United States of America,02108,Technology,"$1,063.23",5.0
484,CA-2017-176969,2016-12-15,Sandra Flanagan,Corporate,US,02108,Furniture,575.28,3.0
8,CA-2019-161213,20-Apr-16,Claire Gute,Consumer,United States of America,77041,technology,979.96 USD,2.0
156,CA-2019-153143,2019-04-15,Darrin Van Huff,Home Office,USA,2108,Furniture,$164.17,5.0
558,CA-2018-144555,18-Jan-19,Claire Gute,Corporate,United States,90036,Office Supplies,1458.85,1.0
666,CA-2019-105971,2018-11-13,Darrin Van Huff,Consumer,US,02108,Technology,$950.02,2.0
514,CA-2019-103018,01/13/2019,Ken Lonsdale,corporate,United States of America,2108,Technology,256.73,5.0
425,CA-2019-199198,08/08/2018,,Corporate,United States,77041,Furniture,$757.53,10.0
800,CA-2018-102408,24-May-17,Sean O'Donnell,Consumer,US,90036,Technology,944.37 USD,
585,CA-2016-137156,2016-06-27,Ken Lonsdale,Consumer,US,90036,Office Supplies,1335.83,7.0
358,CA-2016-137360,06-Feb-16,Claire Gute,corporate,United States,90036.0,Furniture,625.54,
597,CA-2017-104852,24-Aug-17,Brosina Hoffman,Corporate,United States,2108,Technology,$939.90,6.0
959,CA-2016-192601,28-Oct-16,KEN LONSDALE,Consumer,United States of America,02108,Technology,67.28,10.0
586,CA-2018-176489,11/03/2018,Sandra Flanagan,Consumer,USA,02108,Technology,435.61,2.0
446,CA-2016-162624,06-Oct-18,Sean O'Donnell,Consumer,United States of America,60610,Office Supplies,695.91,3.0
852,CA-2016-113304,17-Mar-18,  darrin van huff  ,Consumer,US,90036,Technology,33.55,3.0
602,CA-2019-136198,07/03/2016,Claire Gute,Home Office,United States,2108,Office Supplies,85.56,5.0
729,CA-2018-141393,2016-07-12,Darrin Van Huff,Consumer_typo,US,02108,Furniture,163.92,2.0
479,CA-2019-144239,03/23/2016,Sandra Flanagan,Consumer,United States,2108,Technology,565.84,6.0
897,CA-2016-177245,17-Apr-16,Darrin Van Huff,home office,USA,60610,Office Supplies,421.63,1.0
229,CA-2018-118220,24-Jun-18,,Consumer,US,10008,furniture,728.96,10.0
867,CA-2018-131398,04-Apr-18,Ruben Hope,Corporate,United States,2108,Office Supplies,647.74,10.0
750,CA-2017-137821,01/14/2019,Claire Gute,Corporate,USA,2108,Office Supplies,1146.66,4.0
213,CA-2016-178154,03-Jan-17,,Consumer,USA,60610,Furniture,1195.94,1.0
80,CA-2019-160401,10-Dec-16,Sandra Flanagan,Home Office,United States,90036,Technology,331.99,
149,CA-2018-197243,23-Jun-17,Ken Lonsdale,Consumer,United States of America,02108,Furniture,348.84,10.0
303,CA-2017-199505,01/27/2017,Sandra Flanagan,Home Office,USA,90036,Furniture,1433.04,1.0
799,CA-2016-145129,10-Dec-17,Darrin Van Huff,Corporate,USA,02108,Office Supplies,9.03,5.0
634,CA-2017-116558,01/21/2018,,Home Office,United States of America,90036,Office Supplies,757.13,5.0
524,CA-2018-182775,09/23/2019,Zuschuss Donatelli,Consumer_typo,United States of America,60610,Technology,"$1,295.37",3.0
366,CA-2018-159325,01-Oct-18,Sandra Flanagan,Corporate,United States of America,02108,Office Supplies,$990.75,8.0
44,CA-2016-179822,09-Sep-19,Zuschuss Donatelli,Consumer,US,90036.0,Technology,632.65,10.0
847,CA-2016-141879,20-Apr-17,Claire Gute,consumer,United States,90036,Furniture,964.4,4.0
134,CA-2019-175108,2018-07-06,Darrin Van Huff,Consumer,United States,60610,Technology,1425.78,9.0
568,CA-2019-183917,08/29/2016,Claire Gute,Consumer,US,60610,Technology,1136.73,7.0
312,CA-2016-115380,21-Nov-18,Sean O'Donnell,Consumer,US,77041,Office Supplies,977.21,2.0
627,CA-2017-174262,2017-03-06,Claire Gute,Consumer,United States,02108,Technology,694.66 USD,1.0
598,CA-2018-117646,03-Nov-16,Brosina Hoffman,Corporate,United States,10008,Technology,$30.55,8.0
811,CA-2018-190002,2018-08-17,Sandra Flanagan,,United States,10008.0,Office Supplies,$366.63,3.0
1,CA-2016-103278,2017-07-17,,,US,60610,Furniture,$513.67,6.0
317,CA-2016-143169,2019-08-04,ZUSCHUSS DONATELLI,corporate,United States of America,10008,Technology,885.3,5.0
868,CA-2019-108739,04/09/2016,Brosina Hoffman,Corporate,United States of America,10008,Furniture,$333.83,5.0
955,CA-2016-142038,2017-04-02,  zuschuss donatelli  ,,United States of America,60610,Technology,1125.22,3.0
552,CA-2016-134033,06/18/2017,Claire Gute,Consumer,United States,60610,Office Supplies,,1.0
549,CA-2018-125237,2016-12-18,Sean O'Donnell,Consumer,,10008,Office Supplies,-999.0,6.0
948,CA-2018-155235,2016-06-08,Ken Lonsdale,Consumer,US,77041,Office Supplies,$640.45,7.0
399,CA-2018-146229,2019-02-06,Ruben Hope,Home Office,US,,Furniture,792.2,1.0
173,CA-2016-180862,28-Jun-17,  zuschuss donatelli  ,home office,US,10008,Technology,$625.70,10.0
126,CA-2019-118772,09-Oct-17,Ruben Hope,home office,United States of America,10008,Furniture,,4.0
423,CA-2017-160548,2018-10-18,,Home Office,USA,60610,Furniture,879.48,5.0
450,CA-2019-126502,2017-07-24,Zuschuss Donatelli,Corporate,,02108,Technology,93.54,4.0
588,CA-2019-150570,16-Apr-19,Sandra Flanagan,Consumer,USA,10008,Technology,556.41,3.0
926,CA-2019-181825,2019-05-14,  sean o'donnell  ,Corporate,United States of America,90036,Furniture,741.31,7.0
91,CA-2016-175674,27-Jul-16,SANDRA FLANAGAN,Corporate,United States of America,02108,Office Supplies,887.3,6.0
964,CA-2019-136509,25-Oct-17,Zuschuss Donatelli,Corporate,US,77041,Technology,756.9,2.0
182,CA-2019-140944,05/24/2019,Sean O'Donnell,Consumer,US,10008,Technology,181.99,7.0
364,CA-2016-175396,2017-06-29,Brosina Hoffman,Corporate,USA,10008,technology,281.69,4.0
275,CA-2018-125101,03-Jul-16,Brosina Hoffman,corporate,United States of America,60610,Office Supplies,743.55,10.0
918,CA-2016-131161,2019-08-21,Brosina Hoffman,Corporate,US,2108,Furniture,999.22,4.0
70,CA-2016-185498,2019-03-21,Claire Gute,Consumer,United States of America,02108,Technology,1393.04,3.0
292,CA-2016-109593,01-Aug-19,Ruben Hope,corporate,USA,10008,Technology,1071.8,1.0
132,CA-2017-113593,02-May-18,Sandra Flanagan,Corporate,US,2108,Office Supplies,23.48,4.0
301,CA-2018-179355,21-Jul-18,SEAN O'DONNELL,Home Office,United States,10008,Technology,989.44,2.0
454,CA-2017-147277,03-Apr-19,,Home Office,United States,02108,Technology,,8.0
327,CA-2018-131228,08/24/2019,DARRIN VAN HUFF,consumer,US,77041,Technology,1142.68,5.0
145,CA-2018-127752,25-Apr-18,Sean O'Donnell,Consumer,United States,60610,Furniture,872.99,5.0
545,CA-2018-186283,11/23/2018,Darrin Van Huff,Consumer,US,60610.0,Furniture,-999.0,4.0
961,CA-2016-112804,31-Jan-17,Sandra Flanagan,Corporate,United States,90036,Technology,1485.54,5.0
661,CA-2016-189216,2016-02-07,Darrin Van Huff,Corporate,USA,77041.0,Technology,238.85,7.0
136,CA-2016-159048,25-Jul-18,SANDRA FLANAGAN,Home Office,US,10008,Office Supplies,580.07,6.0
436,CA-2019-107249,04/17/2018,,Home Office,,77041,Furniture,662.95,10.0
165,CA-2017-177441,05/08/2019,Ken Lonsdale,Corporate,United States,2108,Technology,-999.0,8.0
29,CA-2016-188117,05-Jul-17,Sandra Flanagan,Corporate,United States of America,77041,Office Supplies,,2.0
793,CA-2016-137957,2017-09-01,Sandra Flanagan,Home Office,USA,10008,Furniture,29.94,
194,CA-2017-142058,2017-02-14,Sandra Flanagan,Consumer_typo,United States,02108,Technology,111.51,8.0
753,CA-2016-157873,2016-07-27,  sandra flanagan  ,Corporate,US,90036,Furniture,1333.56,8.0
658,CA-2019-103668,04-Feb-18,Ken Lonsdale,Corporate,USA,02108,Office Supplies,409.93,2.0
818,CA-2016-136974,08-May-19,Ken Lonsdale,Consumer,USA,90036,Technology,116.57,
170,CA-2018-199557,2019-07-04,  darrin van huff  ,Home Office,United States of America,90036,Office Supplies,840.74,6.0
760,CA-2019-199120,10/27/2017,RUBEN HOPE,Home Office,United States of America,90036,technology,1462.54,7.0
141,CA-2018-128992,12-Mar-17,Brosina Hoffman,Corporate,United States,02108,Furniture,484.8,5.0
174,CA-2019-113644,2016-12-07,Sean O'Donnell,Corporate,USA,77041,Office Supplies,1389.59,1.0
7,CA-2016-144313,13-Feb-16,CLAIRE GUTE,consumer,United States,90036,Technology,858.71,2.0
10627,CA-2017-174262,2017-03-06,Claire Gute,Consumer,United States,02108,Technology,694.66 USD,1.0
756,CA-2018-178142,07/09/2018,Ruben Hope,Corporate,United States of America,02108,Furniture,1172.98,3.0
670,CA-2018-109439,07-Jun-16,,home office,United States of America,10008,Furniture,$5.79,5.0
74,CA-2017-175800,2016-05-29,Claire Gute,corporate,United States of America,10008,Office Supplies,1376.09,3.0
704,CA-2017-154322,2019-08-09,Brosina Hoffman,consumer,USA,02108,Office Supplies,999.57,6.0
443,CA-2016-159893,2016-02-03,Darrin Van Huff,Consumer,United States,02108,Office Supplies,"$1,346.51",
239,CA-2017-102438,09-Jul-19,Sandra Flanagan,Home Office,United States of America,90036,Technology,1266.96,7.0
146,CA-2018-163682,07/11/2018,Sean O'Donnell,Corporate,US,77041,Office Supplies,541.32,5.0
814,CA-2019-142415,12-Jun-18,Brosina Hoffman,consumer,United States of America,10008,Technology,$230.07,8.0
235,CA-2016-150283,07/10/2018,CLAIRE GUTE,Corporate,USA,77041,Technology,716.49,7.0
221,CA-2017-168107,08/13/2019,Ruben Hope,Home Office,US,02108,Furniture,430.15,3.0
507,CA-2016-119151,2019-09-28,Darrin Van Huff,Consumer,USA,2108,Office Supplies,46.36,4.0
679,CA-2019-110339,20-Mar-19,Ruben Hope,Home Office,US,60610,Office Supplies,"$1,007.77",4.0
133,CA-2018-168039,07-Dec-18,Brosina Hoffman,Home Office,,10008,Office Supplies,499.69,4.0
884,CA-2016-114906,2017-01-19,Darrin Van Huff,corporate,United States,02108,Technology,"$1,064.18",1.0
751,CA-2018-130496,,Claire Gute,Corporate,US,60610,Technology,1117.97,8.0
676,CA-2018-197691,03/29/2017,Zuschuss Donatelli,Home Office,USA,77041,Furniture,,6.0
186,CA-2019-177373,02/17/2017,Sean O'Donnell,Consumer,United States of America,,Furniture,850.41,1.0
42,CA-2016-142219,2019-05-30,Ruben Hope,Corporate,United States,60610,Office Supplies,601.1,3.0
631,CA-2019-120880,,Brosina Hoffman,Home Office,United States of America,90036,Office Supplies,856.18 USD,
109,CA-2018-165390,23-Apr-18,  ken lonsdale  ,Home Office,United States,02108,Office Supplies,273.82,1.0
654,CA-2018-108766,06/23/2019,Darrin Van Huff,Consumer_typo,United States,60610,Office Supplies,1130.95,2.0
57,CA-2019-148148,11/29/2018,Darrin Van Huff,Consumer,USA,60610,Technology,532.08,2.0
434,CA-2018-182040,2018-06-20,SANDRA FLANAGAN,Home Office,United States of America,90036,Furniture,167.52,8.0
785,CA-2016-143066,2016-01-04,Darrin Van Huff,Consumer,United States,02108,Technology,"$1,441.61",3.0
582,CA-2016-144588,2018-04-09,Ruben Hope,Home Office,USA,60610,Office Supplies,1173.62,9.0
883,CA-2017-126816,03/11/2017,KEN LONSDALE,Consumer,United States of America,90036,Office Supplies,432.63,6.0
25,CA-2018-113176,02/01/2017,Claire Gute,Consumer,US,02108,Office Supplies,$663.50,1.0
817,CA-2019-195542,05/25/2016,Sandra Flanagan,Home Office,United States of America,60610,Technology,$761.60,10.0
786,CA-2019-172124,22-Dec-16,Zuschuss Donatelli,Consumer_typo,US,60610,Technology,117.52,10.0
548,CA-2018-170919,08-Dec-16,Sandra Flanagan,Corporate,US,2108.0,Technology,-999.0,2.0
639,CA-2018-139265,14-Jan-19,Sean O'Donnell,Home Office,United States,90036,Office Supplies,$506.67,7.0
715,CA-2016-148549,2017-10-08,Ken Lonsdale,corporate,USA,60610,Technology,194.17,10.0
951,CA-2017-134229,07/21/2018,Claire Gute,Corporate,US,10008,Furniture,1122.84,8.0
339,CA-2016-168354,2018-02-12,Claire Gute,Home Office,United States of America,77041,Furniture,161.08,3.0
52,CA-2019-130671,2018-12-29,Sandra Flanagan,Home Office,USA,60610,Furniture,83.01,9.0
384,CA-2016-129418,02/25/2017,,Corporate,USA,02108,Technology,644.19,7.0
532,CA-2016-159631,25-Apr-19,  sandra flanagan  ,Corporate,United States of America,60610,Office Supplies,$979.82,4.0
944,CA-2017-125713,03/31/2017,Sandra Flanagan,Consumer,United States of America,02108,Furniture,1415.09,9.0
653,CA-2017-157667,07/24/2018,Darrin Van Huff,Consumer,United States,90036,Furniture,-999.0,4.0
265,CA-2017-145919,09/04/2017,Sean O'Donnell,Consumer,USA,10008,Furniture,672.02,7.0
848,CA-2018-143979,23-Apr-18,Zuschuss Donatelli,,USA,77041,Technology,375.04,4.0
732,CA-2017-197449,03-Oct-18,Claire Gute,Consumer_typo,,60610,Office Supplies,$171.29,9.0
931,CA-2016-179050,2017-05-11,Ken Lonsdale,home office,United States of America,02108,Office Supplies,53.01,8.0
445,CA-2019-104485,10/22/2016,,consumer,United States,77041,Technology,6.08,9.0
396,CA-2017-196149,10/14/2018,Darrin Van Huff,Home Office,US,90036,Technology,798.04,8.0
534,CA-2018-123230,21-Jan-19,Darrin Van Huff,corporate,US,02108,Office Supplies,$250.04,5.0
478,CA-2017-114545,2019-10-01,Darrin Van Huff,corporate,United States of America,02108,Furniture,"$1,359.20",4.0
19,CA-2016-154377,04/14/2018,Brosina Hoffman,Consumer_typo,United States of America,02108,Technology,821.47,1.0
737,CA-2016-120902,2019-06-23,Sean O'Donnell,Home Office,US,02108,Technology,599.39,
515,CA-2019-103181,2019-02-27,Claire Gute,corporate,United States of America,77041.0,Office Supplies,407.34,10.0
981,CA-2018-118924,2016-04-28,Darrin Van Huff,Home Office,USA,90036,Office Supplies,369.53,3.0
463,CA-2018-150430,2017-09-19,Ruben Hope,Consumer,USA,10008,Furniture,1222.47,2.0
368,CA-2018-114442,01/18/2016,Sean O'Donnell,Home Office,,90036,Furniture,$992.08,5.0
84,CA-2018-159054,2018-10-01,Ken Lonsdale,corporate,USA,90036.0,Furniture,"$1,176.92",7.0
62,CA-2016-103718,2016-06-15,Zuschuss Donatelli,Corporate,USA,02108,Furniture,241.33,6.0
281,CA-2018-180753,09/05/2017,Claire Gute,Home Office,US,02108,Furniture,$115.23,2.0
273,CA-2016-139405,07/02/2016,Zuschuss Donatelli,Home Office,USA,77041,Technology,"$1,371.46",
286,CA-2016-171568,02/14/2017,Zuschuss Donatelli,Corporate,,02108,Technology,22.78,4.0
361,CA-2017-186439,18-Aug-19,Darrin Van Huff,Consumer,United States of America,10008,Office Supplies,984.66,7.0
355,CA-2017-135073,07/14/2017,Zuschuss Donatelli,Corporate,US,02108,Furniture,1430.87,6.0
989,CA-2017-123205,25-Jun-17,Sandra Flanagan,Corporate,United States,02108,Technology,660.99,7.0
279,CA-2016-159429,02/25/2018,Darrin Van Huff,Consumer,,90036,Technology,634.41,1.0
13,CA-2018-105229,2018-01-02,Ruben Hope,Corporate,US,02108,Technology,1174.67,3.0
183,CA-2018-119917,2017-01-19,Zuschuss Donatelli,Home Office,United States of America,60610,Office Supplies,$293.92,1.0
369,CA-2017-111272,2017-07-08,,Corporate,United States of America,90036,Office Supplies,487.11,9.0
520,CA-2017-158974,24-Apr-19,,Consumer,United States of America,2108,Furniture,1384.51,7.0
636,CA-2019-114314,2019-09-07,Claire Gute,corporate,US,90036,Furniture,388.36,5.0
224,CA-2019-125486,10/01/2018,Claire Gute,Consumer,United States,02108,Office Supplies,626.34,7.0
592,CA-2019-196615,2018-10-06,Brosina Hoffman,Corporate,United States of America,90036,office supplies,858.71,10.0
914,CA-2018-185224,2016-11-07,Brosina Hoffman,Home Office,United States,10008,Technology,169.75,4.0
697,CA-2017-126361,07-Apr-17,Brosina Hoffman,Home Office,USA,90036,Furniture,-999.0,9.0
733,CA-2016-115901,,Darrin Van Huff,Home Office,US,60610,Technology,585.37,2.0
466,CA-2016-124651,07/01/2016,Sean O'Donnell,home office,USA,02108,Technology,1274.59,8.0
603,CA-2018-164491,2017-09-06,BROSINA HOFFMAN,Consumer,United States of America,77041,Office Supplies,1008.22,8.0
629,CA-2018-188641,2018/13/45,Claire Gute,consumer,USA,60610,Furniture,,7.0
177,CA-2017-120079,13-Apr-16,Sandra Flanagan,Consumer,US,02108,Office Supplies,600.8,4.0
686,CA-2016-115627,12/23/2018,Ruben Hope,Home Office,United States,90036,Furniture,532.02,10.0
893,CA-2016-160116,02/13/2016,Brosina Hoffman,Corporate,,90036.0,Office Supplies,1364.75 USD,1.0
606,CA-2017-184938,2016-05-13,Darrin Van Huff,Home Office,United States,02108,Office Supplies,376.12,9.0
457,CA-2019-134520,25-Oct-16,Sean O'Donnell,Home Office,United States,02108,Technology,"$1,489.05",4.0
537,CA-2019-173067,07/26/2018,  claire gute  ,Home Office,USA,90036,Technology,1150.36,6.0
394,CA-2017-103584,2019-05-10,BROSINA HOFFMAN,Consumer,United States of America,60610,Furniture,651.24,2.0
164,CA-2016-103455,24-Mar-18,Zuschuss Donatelli,Corporate,US,10008.0,Technology,1373.33,9.0
249,CA-2018-198018,01/08/2018,Zuschuss Donatelli,Consumer,US,77041.0,furniture,278.8,8.0
835,CA-2018-146813,23-May-18,Sandra Flanagan,Consumer,USA,90036,Office Supplies,$316.43,10.0
908,CA-2017-136747,18-Dec-16,Sandra Flanagan,Corporate,USA,2108,Technology,$99.84,9.0
690,CA-2016-142281,2018-04-20,Ruben Hope,Corporate,US,10008,Furniture,-999.0,9.0
376,CA-2019-142422,19-Apr-17,Sean O'Donnell,Corporate,United States,,Furniture,1049.59,5.0
413,CA-2016-115112,24-Nov-18,Sandra Flanagan,Corporate,United States,90036,Furniture,-999.0,10.0
75,CA-2017-170419,15-Mar-18,Claire Gute,Corporate,US,02108,Furniture,-999.0,4.0
114,CA-2016-150585,16-Jun-18,Ken Lonsdale,Home Office,US,02108,Furniture,"$1,427.73",3.0
589,CA-2016-196606,2016-09-30,Sean O'Donnell,Home Office,United States,60610,Office Supplies,801.11,3.0
825,CA-2016-175109,10/21/2017,Zuschuss Donatelli,,,60610,Furniture,533.89,
391,CA-2019-182920,,Darrin Van Huff,Home Office,United States,90036,Office Supplies,534.78,6.0
105,CA-2018-183354,2018/13/45,Ken Lonsdale,Consumer,United States,10008,Technology,1343.89,7.0
115,CA-2016-171702,07/09/2016,Sandra Flanagan,Home Office,United States,10008,Technology,$360.13,10.0
418,CA-2019-101518,22-Sep-18,Claire Gute,Home Office,USA,02108,Office Supplies,578.29,10.0
971,CA-2016-163099,02/08/2016,Zuschuss Donatelli,Home Office,United States of America,90036,technology,875.48,4.0
458,CA-2017-129600,20-Jun-18,,Home Office,US,60610,Technology,1196.21,4.0
410,CA-2019-154575,29-Sep-19,Sean O'Donnell,corporate,US,,Office Supplies,180.98,2.0
93,CA-2018-122047,25-Jul-18,Darrin Van Huff,Home Office,United States,77041,Furniture,1498.97,2.0
583,CA-2016-184649,29-Sep-18,  ruben hope  ,Corporate,United States,60610,Furniture,$900.51,4.0
90,CA-2016-102960,03-Dec-17,Brosina Hoffman,Corporate,United States of America,2108,Technology,677.11 USD,4.0
337,CA-2017-127621,2017-04-04,,Corporate,United States,02108,Office Supplies,$371.34,7.0
900,CA-2019-190450,20-Jul-16,Sean O'Donnell,Consumer,,77041,Furniture,280.19,10.0
945,CA-2019-134729,10/12/2018,Brosina Hoffman,Home Office,United States of America,02108,Office Supplies,632.74 USD,3.0
977,CA-2018-192173,15-Dec-18,SANDRA FLANAGAN,Consumer,USA,10008,Office Supplies,954.7,4.0
889,CA-2018-126805,11/18/2016,Ken Lonsdale,Consumer,United States,10008,furniture,-999.0,10.0
626,CA-2018-163077,31-Mar-19,Zuschuss Donatelli,Corporate,United States of America,10008,Technology,784.59,9.0
614,CA-2016-125329,2018/13/45,Ken Lonsdale,Home Office,US,60610,technology,604.05,7.0
632,CA-2016-117393,02-Jun-18,Sean O'Donnell,Consumer_typo,USA,90036,Furniture,688.09,10.0
12,CA-2017-190111,07/22/2019,  claire gute  ,corporate,USA,02108,furniture,1325.24,
397,CA-2018-171226,09/12/2018,Zuschuss Donatelli,Consumer,USA,02108,Office Supplies,"$1,032.40",5.0
550,CA-2017-189710,2018-05-10,Darrin Van Huff,Consumer,USA,10008,Office Supplies,918.37,1.0
43,CA-2016-111188,07/09/2016,Sean O'Donnell,Home Office,United States of America,90036,Furniture,725.87,5.0
168,CA-2017-107345,06/29/2017,Brosina Hoffman,Corporate,US,77041,Furniture,1473.26,1.0
417,CA-2017-118098,2018-10-20,Darrin Van Huff,Corporate,,77041,Furniture,1100.34,3.0
778,CA-2017-189055,2018-03-05,Darrin Van Huff,home office,USA,60610,Technology,"$1,265.47",
427,CA-2017-123183,02-Aug-18,Ruben Hope,,United States,77041,Office Supplies,1325.62,1.0
905,CA-2018-164856,07-Jul-16,Ruben Hope,Corporate,United States of America,02108,technology,574.32,6.0
988,CA-2019-150486,02/18/2019,Ken Lonsdale,Consumer_typo,USA,02108,Technology,954.36,4.0
705,CA-2019-118581,2016-09-15,Ken Lonsdale,Corporate,United States,02108,Furniture,464.42,6.0
803,CA-2019-131584,16-Jan-17,KEN LONSDALE,,US,77041,Office Supplies,1090.98,3.0
258,CA-2019-162041,08/27/2016,,Corporate,US,02108,Office Supplies,588.6,8.0
336,CA-2019-169792,2019-01-03,Ken Lonsdale,Home Office,US,90036,Office Supplies,1274.75,9.0
16,CA-2018-152743,28-Aug-17,Ken Lonsdale,Home Office,USA,77041,Technology,712.41,9.0
650,CA-2019-121951,07/11/2016,Claire Gute,Consumer,US,77041,Furniture,417.79,9.0
325,CA-2019-192597,30-Jul-16,Brosina Hoffman,Home Office,USA,10008,Office Supplies,1051.74,7.0
874,CA-2019-185313,07/09/2019,Darrin Van Huff,Corporate,United States,02108,Technology,750.94,8.0
223,CA-2018-162116,16-Aug-17,Sandra Flanagan,Corporate,,60610,Technology,792.02,8.0
180,CA-2018-106957,10-Aug-18,Zuschuss Donatelli,Consumer_typo,United States of America,77041,Technology,,4.0
812,CA-2019-127879,2019-10-29,,Home Office,United States of America,77041,Office Supplies,358.95,3.0
522,CA-2016-157461,09/25/2018,Darrin Van Huff,Corporate,USA,10008.0,Office Supplies,$334.26,1.0
23,CA-2018-180728,01/07/2019,Zuschuss Donatelli,Consumer,United States of America,77041,Office Supplies,896.25,4.0
357,CA-2016-193952,2017-11-04,Brosina Hoffman,Home Office,United States,77041,Furniture,750.48,6.0
978,CA-2019-157885,08-May-16,Brosina Hoffman,home office,United States,10008,Furniture,$42.66,6.0
884,CA-2016-114906,2017-01-19,Darrin Van Huff,corporate,United States,02108,Technology,"$1,064.18",1.0
341,CA-2019-197183,2018-10-28,Claire Gute,Home Office,United States of America,90036,Furniture,245.77,6.0
432,CA-2018-196919,09-Jan-17,Brosina Hoffman,Consumer,US,90036,Furniture,874.0,2.0
569,CA-2017-191113,05-Mar-19,Sean O'Donnell,Home Office,United States of America,,Office Supplies,151.89,6.0
856,CA-2019-178708,2017-03-19,  darrin van huff  ,Corporate,United States,90036,Furniture,844.92,9.0
204,CA-2017-160819,03/27/2018,Brosina Hoffman,Corporate,USA,77041,Furniture,957.95,6.0
651,CA-2019-121300,2016-01-03,Zuschuss Donatelli,Consumer,United States,77041,Technology,103.73,1.0
94,CA-2018-193159,03-Jun-19,Brosina Hoffman,Home Office,USA,02108,Technology,207.71,3.0
576,CA-2017-171239,10/27/2019,,Home Office,United States,90036,Furniture,28.12,3.0
69,CA-2018-117992,11-Aug-16,Claire Gute,Home Office,United States of America,10008.0,Technology,241.12,5.0
859,CA-2018-117919,19-Sep-18,Brosina Hoffman,Home Office,US,2108,Technology,$923.93,7.0
285,CA-2016-138672,29-Jun-18,Sandra Flanagan,Corporate,USA,90036,Furniture,755.14,2.0
827,CA-2018-113896,03/14/2019,Brosina Hoffman,Consumer,USA,77041,Office Supplies,8.72,2.0
435,CA-2017-174843,2019-10-08,Ken Lonsdale,Home Office,United States of America,77041,Office Supplies,462.82,10.0
154,CA-2019-196440,09-Oct-16,SEAN O'DONNELL,Corporate,United States,90036,furniture,$336.55,1.0
76,CA-2016-158515,09-May-19,Claire Gute,Consumer,USA,60610,Office Supplies,1478.61,10.0
752,CA-2016-117561,24-Apr-17,Darrin Van Huff,Corporate,United States of America,77041.0,Office Supplies,655.52,
447,CA-2017-175938,11-Mar-16,Claire Gute,Consumer,US,90036,Technology,1489.08,9.0
189,CA-2018-143150,12/15/2018,CLAIRE GUTE,Home Office,USA,02108,Technology,781.96,
272,CA-2017-118660,03-Feb-18,Ken Lonsdale,consumer,United States of America,2108,Office Supplies,380.08,9.0
237,CA-2018-104899,01-Aug-18,Ken Lonsdale,home office,USA,77041,Furniture,756.64,7.0
488,CA-2016-142888,30-Dec-17,Zuschuss Donatelli,Corporate,US,2108,Furniture,758.67,5.0
560,CA-2017-164563,2017-03-19,  brosina hoffman  ,Consumer,United States of America,02108,Technology,$789.09,
118,CA-2016-199246,2018-07-08,Brosina Hoffman,corporate,United States of America,10008,furniture,836.76,1.0
965,CA-2018-169017,01-Mar-18,Ken Lonsdale,Home Office,United States of America,10008,Office Supplies,656.57,
513,CA-2017-111950,15-Mar-19,  sandra flanagan  ,Corporate,US,02108,Technology,672.02,3.0
571,CA-2016-106280,05/15/2016,ZUSCHUSS DONATELLI,Consumer,US,60610,furniture,555.7,10.0
612,CA-2017-182616,04/12/2018,Brosina Hoffman,Home Office,US,77041,technology,37.97,2.0
127,CA-2018-199201,2018/13/45,Claire Gute,Home Office,USA,90036,Office Supplies,"$1,031.74",8.0
117,CA-2017-198596,2019-09-28,Ken Lonsdale,home office,United States of America,77041,Furniture,123.04,10.0
474,CA-2017-195591,12-Sep-19,Ken Lonsdale,Corporate,USA,60610,Technology,$778.66,8.0
714,CA-2016-110878,08-Jan-17,Ruben Hope,Consumer,United States of America,90036,Furniture,927.71,3.0
58,CA-2017-104081,19-Oct-16,SEAN O'DONNELL,,US,02108,Office Supplies,421.64 USD,3.0
695,CA-2017-170679,2017-11-20,DARRIN VAN HUFF,Corporate,US,90036,Technology,1168.64,7.0
935,CA-2016-166659,01/01/2017,  darrin van huff  ,Corporate,,10008,Office Supplies,1164.17,5.0
370,CA-2018-174273,07/10/2019,KEN LONSDALE,Home Office,United States of America,2108,technology,"$1,151.32",3.0
269,CA-2016-125221,21-Jun-19,Brosina Hoffman,Consumer,United States,10008,Technology,$605.69,1.0
47,CA-2016-151873,27-Sep-17,SEAN O'DONNELL,Home Office,US,10008,Furniture,1160.41,10.0
350,CA-2019-165976,2019-04-05,Brosina Hoffman,Corporate,USA,77041,Furniture,1174.38,
196,CA-2018-142567,07/17/2018,Ruben Hope,Corporate,United States,90036,Office Supplies,361.67,4.0
103,CA-2016-129937,2018-11-08,  brosina hoffman  ,,United States of America,10008,Office Supplies,"$1,011.62",4.0
954,CA-2017-140862,2016-11-17,Sandra Flanagan,Consumer,United States,10008,Technology,$298.98,6.0
712,CA-2019-186975,12/05/2018,Zuschuss Donatelli,Home Office,United States of America,77041,Office Supplies,1066.42,10.0
758,CA-2016-127175,2019-04-12,Ken Lonsdale,home office,USA,2108,technology,-999.0,4.0
264,CA-2018-199227,2018/13/45,Zuschuss Donatelli,Home Office,USA,02108,Technology,675.86 USD,6.0
444,CA-2017-118378,2018-08-20,Zuschuss Donatelli,Consumer,US,,Furniture,939.84,6.0
696,CA-2019-131990,2017-04-10,Brosina Hoffman,Corporate,United States of America,90036,Office Supplies,685.04,2.0
305,CA-2017-148290,14-Jul-18,,,USA,02108,Furniture,1408.93,2.0
342,CA-2018-147227,06/30/2019,Ken Lonsdale,home office,US,77041.0,Furniture,1306.33,2.0
619,CA-2016-191067,10/14/2019,Sean O'Donnell,Corporate,United States of America,10008,Furniture,"$1,475.32",9.0
994,CA-2016-152275,06/07/2019,Sandra Flanagan,Consumer,US,90036.0,Office Supplies,401.03,6.0
150,CA-2017-154344,07-Nov-17,Sandra Flanagan,corporate,United States,2108,Technology,253.68,1.0
125,CA-2017-189091,18-Nov-17,Zuschuss Donatelli,Corporate,United States of America,60610,Furniture,575.6,4.0
808,CA-2019-120565,09-Dec-16,Darrin Van Huff,Corporate,United States of America,77041,Office Supplies,962.32,6.0
845,CA-2016-118715,26-May-18,Darrin Van Huff,Consumer_typo,United States,10008.0,Technology,,6.0
51,CA-2017-128074,11/30/2017,SEAN O'DONNELL,Consumer,United States,60610,Technology,252.48,8.0
354,CA-2019-121116,2018/13/45,Sean O'Donnell,Consumer,United States,2108,Furniture,,3.0
952,CA-2016-126680,2018-01-20,Sean O'Donnell,Corporate,United States,60610,Furniture,905.46,9.0
143,CA-2019-193961,2017-11-10,Zuschuss Donatelli,Consumer,United States of America,2108,Technology,1135.16,2.0
471,CA-2019-103317,2018-06-21,Zuschuss Donatelli,corporate,United States,60610.0,Technology,1399.54,7.0
400,CA-2017-104427,11-Jul-17,KEN LONSDALE,Corporate,,60610,Furniture,1289.66,8.0
821,CA-2017-151769,2016-09-01,Sean O'Donnell,consumer,United States of America,02108,Office Supplies,786.49,6.0
321,CA-2017-167329,2017-12-24,Ruben Hope,Home Office,United States,77041,Furniture,1394.02,10.0
20,CA-2019-194919,12/04/2016,Claire Gute,home office,United States of America,77041,Office Supplies,571.79,1.0
972,CA-2017-147178,04/30/2019,CLAIRE GUTE,Home Office,USA,02108,Technology,263.56,2.0
812,CA-2019-127879,2019-10-29,,Home Office,United States of America,77041,Office Supplies,358.95,3.0
831,CA-2018-196760,29-Jun-16,Sean O'Donnell,Home Office,United States,02108,office supplies,605.68,1.0
408,CA-2016-125668,,Zuschuss Donatelli,Consumer_typo,,02108,Office Supplies,1456.86,8.0
538,CA-2018-132248,01-Oct-17,  darrin van huff  ,Consumer,USA,77041,Technology,38.98,9.0
722,CA-2016-126620,2017-09-16,Darrin Van Huff,Corporate,US,10008,Furniture,$17.60,2.0
39,CA-2019-136666,08-Mar-16,Brosina Hoffman,Home Office,United States,10008,Furniture,$897.73,6.0
176,CA-2016-178018,08/08/2019,  ken lonsdale  ,Corporate,United States,10008,Technology,$460.65,9.0
246,CA-2019-178694,2017-06-16,DARRIN VAN HUFF,Corporate,US,02108,Technology,1237.01,1.0
851,CA-2019-125757,04-Jul-19,Brosina Hoffman,Home Office,United States,90036,Technology,914.59,6.0
688,CA-2018-138591,09/10/2017,Zuschuss Donatelli,,,10008.0,Office Supplies,569.4,4.0
947,CA-2018-194680,06/23/2017,Ruben Hope,Consumer,US,77041,Furniture,60.04,1.0
881,CA-2019-194770,03/07/2019,Darrin Van Huff,home office,United States,60610,Furniture,293.64,5.0
155,CA-2019-180473,05-Sep-19,Claire Gute,Consumer_typo,USA,60610,Office Supplies,$5.43,5.0
288,CA-2019-199987,01/06/2019,Claire Gute,Corporate,United States of America,10008,Office Supplies,680.05,1.0
623,CA-2017-131836,09/22/2019,,Home Office,United States of America,90036,Office Supplies,1240.92,4.0
570,CA-2016-133021,01/28/2017,Zuschuss Donatelli,Consumer,,60610,Furniture,1469.58,10.0
765,CA-2019-140499,04/19/2019,Claire Gute,Corporate,USA,90036,Furniture,352.02,6.0
18,CA-2018-198992,25-Jun-18,Ken Lonsdale,Consumer,US,02108,Furniture,355.57,7.0
128,CA-2019-102506,2017-04-12,Claire Gute,Corporate,USA,60610.0,Furniture,$982.08,2.0
323,CA-2019-186019,2018-06-18,Claire Gute,Consumer,United States of America,90036,Office Supplies,736.16,7.0
256,CA-2019-139669,2016-06-28,Claire Gute,Consumer,United States of America,60610,Furniture,,8.0
678,CA-2017-101331,03/28/2016,Zuschuss Donatelli,Home Office,US,02108,Office Supplies,1297.16,8.0
992,CA-2019-159797,18-Jun-18,Brosina Hoffman,Corporate,US,77041.0,furniture,659.52,3.0
191,CA-2019-104660,2019-08-15,Ruben Hope,home office,USA,02108,Technology,1200.31,1.0
116,CA-2016-147294,01/08/2016,,Consumer,United States,77041,Office Supplies,1328.81,4.0
637,CA-2018-129753,2019-08-15,Ken Lonsdale,Corporate,United States of America,77041,Furniture,307.27,2.0
607,CA-2016-180025,2018-07-02,Zuschuss Donatelli,Home Office,United States of America,60610,Technology,46.01,9.0
181,CA-2019-151563,2016-11-17,Zuschuss Donatelli,Home Office,United States of America,90036,Office Supplies,136.25,4.0
302,CA-2018-118705,04-Jul-17,  zuschuss donatelli  ,corporate,United States,77041,Office Supplies,205.83,4.0
781,CA-2019-152403,19-Feb-16,Ruben Hope,Home Office,United States of America,2108,Office Supplies,666.96,7.0
875,CA-2016-116386,24-Feb-16,Ruben Hope,home office,United States,10008.0,Furniture,940.97,7.0
801,CA-2019-142165,18-Nov-16,Ken Lonsdale,Home Office,United States of America,90036,Furniture,$763.31,7.0
706,CA-2018-122376,2016-07-16,Sandra Flanagan,Corporate,,10008,Furniture,1169.8,8.0
824,CA-2018-197872,2016-05-21,Ken Lonsdale,Corporate,United States of America,02108,Office Supplies,792.31,7.0
518,CA-2017-106336,2018-08-18,Ruben Hope,Consumer,US,90036.0,Office Supplies,434.37,7.0
77,CA-2019-172856,2018-10-12,Ken Lonsdale,Corporate,United States of America,10008,Technology,627.68,2.0
46,CA-2019-123028,09/21/2016,RUBEN HOPE,Consumer,USA,60610,Office Supplies,1421.68,2.0
942,CA-2016-182468,2018-04-22,Brosina Hoffman,Home Office,USA,90036.0,Furniture,216.25,
158,CA-2016-172686,12/31/2016,Zuschuss Donatelli,Consumer,USA,10008,Furniture,1015.34,1.0
766,CA-2019-133013,2018-02-23,Claire Gute,,US,60610,Furniture,98.88,5.0
172,CA-2016-105737,2016-09-22,,Home Office,,10008,Office Supplies,1248.96,7.0
17,CA-2016-198453,26-Apr-17,  sean o'donnell  ,Corporate,US,,Furniture,332.17,2.0
512,CA-2018-116701,15-Jul-16,  claire gute  ,Home Office,US,60610,Furniture,478.49,10.0
49,CA-2017-142143,05/24/2019,SANDRA FLANAGAN,Corporate,United States,77041,Office Supplies,1162.82,6.0
999,CA-2018-138319,2019-01-16,Ruben Hope,Consumer,United States,90036,Furniture,117.84,8.0
924,CA-2017-100391,02/27/2016,Brosina Hoffman,Consumer,US,60610,Office Supplies,$423.84,5.0
516,CA-2017-104757,02/20/2018,SEAN O'DONNELL,Consumer,US,77041,technology,1308.36,3.0
707,CA-2017-180935,10-Dec-17,Ruben Hope,Corporate,USA,90036,furniture,1374.77,5.0
481,CA-2016-120479,08-Apr-19,Ruben Hope,consumer,US,90036,Technology,$79.75,6.0
284,CA-2017-166665,05-Mar-18,Sandra Flanagan,Home Office,USA,60610,Furniture,462.47,9.0
740,CA-2019-187579,,Ken Lonsdale,Corporate,US,02108,Office Supplies,665.79,2.0
886,CA-2018-158638,08/13/2016,ZUSCHUSS DONATELLI,home office,United States of America,90036,Furniture,$158.73,6.0
226,CA-2019-129428,2016-02-24,SANDRA FLANAGAN,Corporate,,02108,Office Supplies,1303.18,
27,CA-2017-134687,2019-09-14,Darrin Van Huff,Home Office,USA,77041.0,Furniture,1182.8,9.0
804,CA-2016-158168,05/10/2016,Ruben Hope,Corporate,United States of America,77041,Furniture,"$1,464.45",7.0
438,CA-2017-142970,18-Mar-19,Zuschuss Donatelli,Consumer,USA,77041,Office Supplies,,2.0
982,CA-2019-101496,2017-02-04,Ken Lonsdale,corporate,United States,77041,Furniture,562.9,7.0
365,CA-2017-124555,,,Corporate,United States,77041,Furniture,1485.67,2.0
230,CA-2016-133162,,Darrin Van Huff,Consumer,United States,02108,Technology,$759.84,10.0
38,CA-2016-181205,02/23/2019,Darrin Van Huff,Home Office,United States,77041,Office Supplies,1115.99,7.0
993,CA-2019-170731,2019-08-30,Brosina Hoffman,Consumer,US,77041.0,Office Supplies,1334.95,5.0
375,CA-2017-136482,09/10/2019,Sandra Flanagan,Home Office,USA,02108,furniture,"$1,278.79",2.0
470,CA-2017-157936,2019-05-07,Brosina Hoffman,Consumer,USA,2108,Office Supplies,$441.25,3.0
995,CA-2016-133544,12/07/2016,,Consumer,US,90036,Technology,$818.81,3.0
873,CA-2016-124091,06-Apr-19,Sean O'Donnell,Home Office,USA,60610,Furniture,432.05,4.0
915,CA-2017-184790,2017-09-04,Brosina Hoffman,Consumer,United States of America,90036,Technology,909.41,8.0
747,CA-2019-132940,09/12/2018,Sandra Flanagan,Corporate,United States,02108,Office Supplies,"$1,455.57",3.0
195,CA-2019-107051,06/25/2016,Sandra Flanagan,Consumer,United States of America,90036,Technology,1150.91,5.0
877,CA-2017-159448,2017-11-20,Sean O'Donnell,Consumer,United States of America,10008,Furniture,832.85,6.0
887,CA-2019-114787,23-Jun-16,Ken Lonsdale,Home Office,United States,90036,Furniture,387.1,3.0
504,CA-2016-150764,2019-09-01,Sean O'Donnell,Home Office,United States,,Office Supplies,"$1,049.89",9.0
997,CA-2019-122764,2019-03-26,Ken Lonsdale,Consumer,United States,90036,Office Supplies,$229.34,3.0
853,CA-2019-125750,04/27/2019,Sean O'Donnell,Consumer,United States of America,02108,Furniture,1123.34,4.0
580,CA-2017-181741,03/22/2019,Sean O'Donnell,Home Office,USA,90036,Furniture,1325.12,10.0
996,CA-2017-122122,2016-09-07,Claire Gute,Home Office,US,60610,Office Supplies,1328.89,3.0
163,CA-2018-129912,10/04/2017,Ken Lonsdale,Corporate,US,90036,technology,$254.53,2.0
723,CA-2019-103039,16-Jan-17,Zuschuss Donatelli,corporate,US,10008,Office Supplies,406.45 USD,8.0
153,CA-2017-100716,15-Jan-16,Ken Lonsdale,Corporate,USA,60610,Furniture,1176.76,5.0
917,CA-2019-184340,08/21/2017,Darrin Van Huff,Corporate,,77041,Furniture,1118.44,9.0
721,CA-2018-180434,11/08/2018,RUBEN HOPE,Corporate,United States of America,02108,Office Supplies,1439.98,5.0
957,CA-2019-170195,10/16/2016,Sean O'Donnell,Corporate,United States of America,2108,Furniture,,10.0
112,CA-2018-192345,09/18/2019,  ruben hope  ,Corporate,US,60610,Technology,,10.0
227,CA-2018-121344,2019-04-06,Sean O'Donnell,Corporate,USA,90036,Furniture,1309.3,6.0
709,CA-2017-125589,12-Sep-16,Darrin Van Huff,Home Office,United States,60610,Furniture,$715.45,9.0
104,CA-2019-109034,08/10/2018,,Consumer,US,60610,Technology,$371.46,7.0
422,CA-2018-100662,2018/13/45,Ken Lonsdale,Corporate,US,02108,Office Supplies,,6.0
420,CA-2017-111016,2018-12-31,Sandra Flanagan,Corporate,,02108,Furniture,"$1,470.50",
934,CA-2018-100959,05/15/2019,DARRIN VAN HUFF,Corporate,,60610,Technology,1346.4,6.0
587,CA-2018-103328,2016-10-05,Zuschuss Donatelli,Home Office,United States,2108.0,Furniture,723.39,2.0
802,CA-2019-105578,2019-05-06,Darrin Van Huff,Home Office,USA,90036.0,Technology,222.16,6.0
673,CA-2017-115866,2019-04-15,Ruben Hope,Corporate,,90036.0,Office Supplies,699.08,5.0
120,CA-2019-135203,2018-02-01,Zuschuss Donatelli,Home Office,USA,77041,Furniture,321.03,1.0
54,CA-2016-102490,2017-06-08,  ken lonsdale  ,Corporate,United States of America,02108,Technology,1079.22 USD,6.0
152,CA-2016-169655,2018-10-27,Claire Gute,Home Office,United States of America,77041,Technology,641.11,10.0
404,CA-2018-168482,22-Oct-17,SEAN O'DONNELL,Consumer,USA,10008,Furniture,1074.05,1.0
970,CA-2016-179580,2018-10-30,Darrin Van Huff,Corporate,US,90036,Technology,778.44,7.0
208,CA-2018-151292,2019-03-22,Sandra Flanagan,Home Office,United States,77041,Office Supplies,950.25,2.0
659,CA-2017-110364,12/28/2016,Claire Gute,Home Office,USA,77041,Office Supplies,$672.79,4.0
866,CA-2019-172832,04/19/2018,Sean O'Donnell,Home Office,United States,02108,Technology,699.67,10.0
784,CA-2016-191406,27-Oct-16,Sandra Flanagan,Corporate,United States of America,02108,Technology,1139.14,10.0
9,CA-2017-153269,09/21/2018,,Corporate,United States of America,60610,Furniture,815.58,9.0
830,CA-2019-178974,28-Apr-16,Ken Lonsdale,Consumer,US,10008,Technology,$167.62,10.0
37,CA-2017-133681,09/13/2018,Darrin Van Huff,Consumer,USA,77041.0,Technology,556.04,6.0
453,CA-2018-132986,04-Aug-19,Zuschuss Donatelli,Consumer,US,02108,Technology,780.86,2.0
652,CA-2016-116722,14-Mar-16,Sean O'Donnell,Home Office,United States,10008.0,Furniture,,1.0
254,CA-2017-168562,05/25/2018,Claire Gute,corporate,USA,60610.0,technology,,7.0
304,CA-2018-163691,08/27/2018,Ruben Hope,Corporate,USA,90036.0,Technology,1253.95 USD,2.0
768,CA-2018-171136,09/16/2018,Ken Lonsdale,Consumer,United States of America,02108,Technology,1440.25,6.0
572,CA-2019-118314,04/05/2018,RUBEN HOPE,Home Office,United States of America,2108,office supplies,1405.18,8.0
624,CA-2017-134965,2019-07-02,ZUSCHUSS DONATELLI,Home Office,United States of America,60610,Furniture,385.32,9.0
731,CA-2016-157302,2017-09-07,Brosina Hoffman,Home Office,US,,Furniture,863.26,1.0
741,CA-2017-147396,2016-01-31,Zuschuss Donatelli,Corporate,USA,2108.0,Technology,1109.69,7.0
263,CA-2018-169178,2019-06-04,Brosina Hoffman,Home Office,United States of America,2108.0,Technology,1089.02,2.0
611,CA-2019-176157,10-Sep-19,Claire Gute,Home Office,US,60610,office supplies,$843.45,3.0
298,CA-2017-106829,2019-07-23,Sean O'Donnell,Consumer,USA,10008,Office Supplies,306.09,7.0
415,CA-2018-107051,07/04/2016,Ruben Hope,Consumer,USA,10008,Technology,564.52,4.0
151,CA-2018-111239,03/19/2017,Sandra Flanagan,Home Office,USA,2108,Office Supplies,167.31,3.0
810,CA-2016-189130,17-Oct-17,Claire Gute,Home Office,United States of America,02108,Furniture,296.24,8.0
641,CA-2019-189388,2018-03-07,Claire Gute,Consumer,United States,90036,Technology,"$1,443.16",7.0
912,CA-2019-149093,16-May-18,Sean O'Donnell,Consumer,United States,02108,Technology,,4.0
551,CA-2019-111930,2019-04-05,Claire Gute,Consumer,US,10008,Technology,$817.79,9.0
900,CA-2019-190450,20-Jul-16,Sean O'Donnell,Consumer,,77041,Furniture,280.19,10.0
489,CA-2016-103777,27-Aug-19,Sandra Flanagan,Corporate,USA,02108,Technology,"$1,434.38",6.0
711,CA-2018-129423,03/05/2017,Zuschuss Donatelli,Corporate,United States,90036.0,Technology,722.14,6.0
148,CA-2017-199248,2018-11-18,Sean O'Donnell,corporate,United States of America,02108,Furniture,,6.0
147,CA-2017-134502,2019-07-07,Claire Gute,Home Office,United States of America,10008,Office Supplies,$754.18,6.0
742,CA-2018-121446,12/31/2017,Ken Lonsdale,Corporate,United States of America,,Technology,463.55,9.0
998,CA-2016-110783,09/28/2018,Darrin Van Huff,Home Office,USA,10008,Office Supplies,1023.01,7.0
761,CA-2017-159456,06-Dec-16,Brosina Hoffman,Home Office,United States,60610,Office Supplies,"$1,270.50",1.0
660,CA-2018-117918,05/05/2017,Darrin Van Huff,corporate,USA,60610,Furniture,478.52,4.0
349,CA-2019-168572,2017-11-18,Ruben Hope,Home Office,United States of America,60610,furniture,29.56,9.0
464,CA-2018-114126,15-Dec-17,Darrin Van Huff,Home Office,United States of America,90036,Office Supplies,609.41,10.0
326,CA-2018-147654,07/28/2017,,Home Office,United States,02108,Furniture,"$1,156.84",6.0
187,CA-2019-137851,2019-07-06,BROSINA HOFFMAN,Consumer,United States,77041,Furniture,14.83,4.0
124,CA-2016-178647,07-Apr-18,Claire Gute,Corporate,US,10008,Office Supplies,1268.9,3.0
975,CA-2018-193538,16-Oct-17,Brosina Hoffman,Home Office,US,77041,Technology,1138.18 USD,7.0
609,CA-2017-174853,20-Jun-18,  sean o'donnell  ,home office,United States of America,90036,Office Supplies,141.8,10.0
144,CA-2016-136899,06/15/2018,Sandra Flanagan,Home Office,US,02108,Technology,67.45,4.0
986,CA-2018-158803,05/05/2017,Ruben Hope,Consumer,US,2108.0,Furniture,$816.90,10.0
198,CA-2016-199231,27-Oct-16,Ken Lonsdale,Consumer,USA,77041,Technology,$609.28,5.0
610,CA-2019-173359,2018-10-30,Sandra Flanagan,Consumer,United States,77041,Furniture,429.76,7.0
280,CA-2018-140788,10-Apr-19,Zuschuss Donatelli,Consumer,US,60610,Furniture,515.62,6.0
294,CA-2018-131265,2018/13/45,Claire Gute,Consumer,United States,02108,Technology,494.08,7.0
401,CA-2019-149359,08/19/2017,Zuschuss Donatelli,Home Office,United States of America,,Furniture,$717.83,5.0
123,CA-2018-155549,02/10/2018,Zuschuss Donatelli,Consumer_typo,USA,60610,Office Supplies,1292.93,3.0
184,CA-2017-197303,2019-10-06,Sandra Flanagan,Corporate,United States,77041,Technology,1314.3,1.0
203,CA-2017-186396,07/03/2018,Brosina Hoffman,Consumer,US,77041,Furniture,"$1,263.54",5.0
439,CA-2019-106295,2018-12-18,Claire Gute,Home Office,USA,90036,Technology,772.68,4.0
247,CA-2019-132547,27-Jan-18,Claire Gute,Home Office,United States of America,2108.0,technology,502.63,10.0
416,CA-2019-192566,2017-05-12,Sean O'Donnell,Corporate,United States of America,02108,Technology,-999.0,10.0
815,CA-2016-154285,02-Nov-18,Ken Lonsdale,Consumer,USA,77041,Office Supplies,435.06 USD,8.0
787,CA-2016-122477,,Claire Gute,Consumer,US,77041,Office Supplies,575.32,8.0
929,CA-2018-198269,08/28/2017,Brosina Hoffman,Consumer,United States,02108,Office Supplies,"$1,338.50",5.0
790,CA-2019-153885,2016-11-07,Claire Gute,Home Office,United States,60610,Technology,$206.66,5.0
910,CA-2016-114637,2016-10-18,Zuschuss Donatelli,Corporate,United States of America,77041,Technology,$339.05,6.0
130,CA-2019-143332,2018/13/45,Darrin Van Huff,Home Office,United States,90036,Office Supplies,$154.21,1.0
638,CA-2018-105951,11/10/2016,Ken Lonsdale,Corporate,USA,60610,Office Supplies,611.42,4.0
403,CA-2019-141027,2019-08-28,Darrin Van Huff,Consumer,United States,77041,Technology,733.35,7.0
10522,CA-2016-157461,09/25/2018,Darrin Van Huff,Corporate,USA,10008.0,Office Supplies,$334.26,1.0
909,CA-2016-188681,,  ruben hope  ,home office,US,90036,Technology,1237.42,2.0
736,CA-2017-167284,03-Jul-18,CLAIRE GUTE,consumer,USA,90036,Office Supplies,293.02,1.0
936,CA-2016-181934,,Brosina Hoffman,Corporate,United States of America,10008,Office Supplies,810.5,9.0
220,CA-2018-188251,2016-05-14,Darrin Van Huff,Consumer,United States of America,10008,Technology,-999.0,4.0
642,CA-2016-110346,2017-10-16,Sean O'Donnell,Home Office,,2108.0,office supplies,$667.20,3.0
938,CA-2019-182779,2016-01-17,Ken Lonsdale,home office,United States of America,90036,Furniture,1198.26,5.0
774,CA-2016-198155,02/06/2017,Ken Lonsdale,Corporate,US,2108,Office Supplies,1214.23,1.0
829,CA-2019-141465,12-Jul-17,Claire Gute,Corporate,United States,77041,Technology,1029.81,10.0
946,CA-2019-155214,08/14/2018,Ruben Hope,Corporate,US,60610.0,Furniture,74.53,6.0
625,CA-2018-190234,05/15/2016,DARRIN VAN HUFF,Home Office,US,60610,Technology,641.25,10.0
211,CA-2018-112752,23-Jul-18,DARRIN VAN HUFF,Home Office,United States of America,60610,Furniture,$506.58,3.0
782,CA-2016-162202,27-Jan-17,Darrin Van Huff,Home Office,United States of America,10008,Furniture,1234.43,1.0
387,CA-2016-130496,22-Aug-16,,Home Office,,02108,Furniture,120.83,6.0
1000,CA-2018-105804,06-Aug-16,,,US,02108,Furniture,865.15,10.0
510,CA-2017-190060,10-Jan-18,Sandra Flanagan,Home Office,USA,77041,Office Supplies,223.78,7.0
268,CA-2017-199870,10-Oct-16,SANDRA FLANAGAN,Consumer,US,02108,technology,$252.59,5.0
842,CA-2018-144993,10-May-16,Zuschuss Donatelli,Corporate,US,02108,Office Supplies,1098.17,4.0
442,CA-2016-158189,03/03/2017,Brosina Hoffman,consumer,US,60610,Office Supplies,540.79,9.0
497,CA-2017-135033,19-Feb-16,Brosina Hoffman,home office,United States of America,77041,Furniture,687.1,9.0
113,CA-2016-123865,05/18/2019,Brosina Hoffman,Corporate,USA,90036,Furniture,$378.06,5.0
692,CA-2019-170226,,Darrin Van Huff,home office,USA,2108,Office Supplies,1392.46,6.0
233,CA-2017-108481,2018-01-14,KEN LONSDALE,Home Office,USA,77041,Technology,"$1,153.16",5.0
892,CA-2018-105333,28-May-19,Brosina Hoffman,consumer,USA,02108,Furniture,938.09,5.0
608,CA-2017-148414,13-Jun-19,Sandra Flanagan,Consumer,USA,60610.0,Furniture,1392.47,8.0
672,CA-2016-160343,25-Nov-17,Sandra Flanagan,Consumer,USA,60610.0,Office Supplies,286.62,3.0
374,CA-2017-103666,08/03/2017,ZUSCHUSS DONATELLI,Home Office,US,77041,Technology,1354.31,10.0
10860,CA-2018-122193,25-May-17,  claire gute  ,Corporate,United States of America,10008,Furniture,,6.0
865,CA-2019-137914,28-Aug-16,,Consumer_typo,United States,90036,Office Supplies,120.42,2.0
234,CA-2017-103895,22-Jul-16,Claire Gute,Home Office,United States,60610,Office Supplies,-999.0,1.0
807,CA-2017-160747,12/15/2017,Zuschuss Donatelli,Home Office,USA,02108,Furniture,894.89,5.0
677,CA-2019-194836,23-Mar-17,  zuschuss donatelli  ,Consumer,United States,90036,Technology,434.16,3.0
318,CA-2016-122380,10/13/2017,Ken Lonsdale,Consumer,US,2108.0,Technology,558.38,8.0
649,CA-2017-129576,2019-02-01,SEAN O'DONNELL,Home Office,United States,77041,Furniture,321.1,6.0
411,CA-2016-124334,12-Oct-17,Sean O'Donnell,Corporate,USA,10008,Office Supplies,214.94,3.0
921,CA-2016-114434,2019-04-11,Zuschuss Donatelli,Corporate,USA,90036,Office Supplies,1217.27,7.0
710,CA-2016-141085,2017-01-06,Ruben Hope,Corporate,United States,60610,Office Supplies,747.36,7.0
359,CA-2018-191286,07/19/2018,Darrin Van Huff,consumer,United States,10008,furniture,,1.0
259,CA-2017-137022,25-Jun-16,Sean O'Donnell,Corporate,United States,02108,technology,100.18,5.0
745,CA-2019-197981,21-Jul-16,KEN LONSDALE,Home Office,USA,60610,Technology,1268.87,1.0
628,CA-2019-193698,2018/13/45,Darrin Van Huff,Corporate,US,02108,Technology,1180.32,3.0
633,CA-2017-136743,07-Jul-16,Sean O'Donnell,Consumer,United States,02108,Technology,444.0,3.0
283,CA-2016-115531,2016-10-22,Ken Lonsdale,,US,2108,Office Supplies,1278.0,8.0
377,CA-2017-126370,11/27/2016,  brosina hoffman  ,home office,United States,90036,Furniture,1436.83,8.0
385,CA-2018-170092,08/07/2018,Zuschuss Donatelli,Home Office,USA,2108.0,Furniture,447.26 USD,5.0
225,CA-2016-118827,03/01/2017,RUBEN HOPE,corporate,United States of America,02108,Furniture,1249.26,10.0
980,CA-2017-143666,06/21/2019,Ruben Hope,Home Office,US,02108,Technology,1275.75,
837,CA-2016-161153,02/28/2017,Sandra Flanagan,Home Office,USA,77041,Furniture,508.32,7.0
473,CA-2017-150915,2017-06-10,  zuschuss donatelli  ,Home Office,US,02108,Office Supplies,585.72,4.0
348,CA-2017-183138,09-Jul-18,Brosina Hoffman,Home Office,USA,2108,office supplies,1345.5,8.0
506,CA-2016-130441,2017-02-18,  ken lonsdale  ,Consumer,United States,10008,Technology,$720.71,7.0
640,CA-2016-177865,10-Mar-16,  ruben hope  ,Consumer_typo,United States,90036,office supplies,"$1,479.49",6.0
939,CA-2019-187420,11-Feb-18,Zuschuss Donatelli,Consumer,United States of America,90036,Furniture,394.76,7.0
798,CA-2016-190679,08/21/2018,Darrin Van Huff,Home Office,United States of America,2108,Office Supplies,"$1,457.54",2.0
953,CA-2016-122388,02/08/2019,Darrin Van Huff,Home Office,United States,02108,Furniture,1489.17,5.0
928,CA-2017-191448,2016-04-06,Claire Gute,Corporate,United States,10008,Technology,497.49,1.0
620,CA-2019-107860,2018/13/45,Sandra Flanagan,Corporate,United States,60610,Office Supplies,1491.35,2.0
878,CA-2017-105405,2016-07-12,Claire Gute,Consumer,United States of America,10008,Office Supplies,521.41,7.0
826,CA-2017-140917,2016-11-10,Sandra Flanagan,Home Office,United States,90036,Technology,306.19,9.0
646,CA-2016-109552,2018-10-07,Sean O'Donnell,Consumer,US,60610,furniture,"$1,107.16",1.0
869,CA-2017-183905,06/09/2019,Sandra Flanagan,Consumer,US,10008,Office Supplies,465.18,2.0
557,CA-2019-181143,10/20/2019,Zuschuss Donatelli,Consumer,United States of America,,Office Supplies,1473.4,1.0
985,CA-2017-183573,26-Mar-18,,Consumer,United States,60610,Technology,1160.19,
578,CA-2019-181715,01-Jun-19,Claire Gute,Consumer,US,60610,Office Supplies,450.72,2.0
796,CA-2018-115796,11/30/2016,Brosina Hoffman,corporate,United States,77041,Furniture,133.81,6.0
86,CA-2018-139469,07/03/2017,Zuschuss Donatelli,Consumer,United States of America,2108,Office Supplies,932.19,10.0
243,CA-2018-189816,06-Sep-16,KEN LONSDALE,Corporate,USA,10008,Office Supplies,$414.68,8.0
699,CA-2018-175333,2016-07-11,Sean O'Donnell,,United States of America,10008,Furniture,620.95,
160,CA-2016-101549,2019-10-12,Ruben Hope,Home Office,USA,77041,Office Supplies,$273.93,10.0
525,CA-2017-132602,2018-08-08,Ruben Hope,Home Office,United States of America,2108,Office Supplies,235.3 USD,6.0
36,CA-2016-179482,10/14/2018,Ruben Hope,Corporate,US,90036,Furniture,493.45,6.0
541,CA-2018-175588,01/19/2017,Brosina Hoffman,Home Office,United States of America,02108,Office Supplies,749.03,3.0
171,CA-2017-109027,2018-12-23,Ruben Hope,,USA,10008,Furniture,748.84,2.0
655,CA-2018-147404,05/03/2016,,Corporate,US,02108,Technology,$255.08,3.0
913,CA-2016-157124,2018-10-08,Ruben Hope,Home Office,United States of America,90036,Technology,$798.24,9.0
880,CA-2019-193187,2018-10-05,Ruben Hope,Home Office,US,60610,Furniture,1182.2,1.0
870,CA-2019-136934,2019-04-12,  ken lonsdale  ,Corporate,US,60610,Furniture,486.63,5.0
969,CA-2018-142071,22-Aug-19,Claire Gute,Corporate,US,10008,Office Supplies,-999.0,8.0
734,CA-2019-162918,06/12/2017,Zuschuss Donatelli,Consumer,United States of America,90036,Technology,392.41,1.0
96,CA-2019-128551,2018-05-29,Zuschuss Donatelli,Home Office,,77041.0,Furniture,6.01,5.0
564,CA-2016-199973,02/25/2016,Ruben Hope,Consumer,United States,60610,Office Supplies,844.25,
241,CA-2019-147636,07-Oct-19,Sean O'Donnell,Home Office,USA,90036,Technology,1209.73,4.0
743,CA-2018-176898,2018/13/45,Ken Lonsdale,Consumer,United States,10008,Furniture,283.8,9.0
575,CA-2019-187461,2018-11-17,Sean O'Donnell,Home Office,USA,77041,Technology,659.71,4.0
691,CA-2016-129233,02-Sep-19,Zuschuss Donatelli,Consumer,United States,10008.0,Furniture,561.31,9.0
461,CA-2016-180458,10-May-16,Brosina Hoffman,Consumer_typo,United States of America,2108.0,Office Supplies,1423.8,6.0
554,CA-2017-178688,30-Sep-19,Darrin Van Huff,Corporate,,02108,furniture,395.62,9.0
901,CA-2019-111223,03/20/2018,Claire Gute,Consumer,USA,77041,Office Supplies,42.28,1.0
207,CA-2016-133847,2017-06-26,Brosina Hoffman,Corporate,United States,02108,office supplies,749.06 USD,1.0
393,CA-2019-137389,10/23/2017,SEAN O'DONNELL,Home Office,USA,02108,Furniture,1376.95,3.0
795,CA-2016-185070,01/27/2018,Darrin Van Huff,Home Office,United States,77041,Technology,1158.01 USD,4.0
398,CA-2019-107969,02/25/2019,Ken Lonsdale,Corporate,USA,90036,Furniture,169.92,1.0
767,CA-2016-176269,2019-08-03,Claire Gute,Home Office,US,02108,Technology,944.28,3.0
871,CA-2017-179311,06/10/2018,Darrin Van Huff,Corporate,United States,77041,Technology,268.26,1.0
218,CA-2019-124241,28-Jan-18,Darrin Van Huff,home office,United States of America,60610,Office Supplies,86.94,
5,CA-2018-184012,2017-11-27,Claire Gute,Corporate,United States,02108,Furniture,1169.05 USD,6.0
769,CA-2017-142026,14-Jun-18,SEAN O'DONNELL,Corporate,USA,10008,Technology,$835.40,6.0
643,CA-2018-192837,23-Apr-19,Brosina Hoffman,consumer,United States of America,60610,Technology,$419.76,1.0
920,CA-2019-198184,11-Nov-18,,Consumer,United States,77041,Office Supplies,46.24,4.0
613,CA-2017-146890,16-Sep-19,Brosina Hoffman,,US,90036,technology,252.53,2.0
739,CA-2018-185864,2016-12-29,Brosina Hoffman,Consumer,USA,10008,Office Supplies,635.67,2.0
547,CA-2019-170120,2016-05-28,Sandra Flanagan,Consumer,United States of America,02108,Furniture,144.8,4.0
726,CA-2018-130991,03/11/2018,Ruben Hope,home office,USA,60610,Technology,43.87,1.0
684,CA-2017-121418,2019-09-17,Claire Gute,Corporate,United States of America,90036,Office Supplies,935.34,7.0
99,CA-2017-111362,2016-07-24,Ken Lonsdale,Consumer,USA,90036,Technology,590.67,7.0
805,CA-2018-102155,09/22/2016,SANDRA FLANAGAN,Home Office,United States of America,2108,Furniture,798.7,10.0
728,CA-2019-107050,2016-10-23,Sean O'Donnell,Home Office,USA,,Office Supplies,1235.82,4.0
574,CA-2016-124954,03/22/2017,Zuschuss Donatelli,Home Office,US,02108,Furniture,311.31,3.0
407,CA-2019-146529,30-Sep-17,Brosina Hoffman,Corporate,United States of America,02108,Furniture,1283.78,4.0
503,CA-2019-109057,2018-10-25,Ken Lonsdale,home office,United States,,Technology,$168.96,2.0
48,CA-2018-182210,2017-10-09,Zuschuss Donatelli,Corporate,United States,2108.0,Furniture,763.07,8.0
33,CA-2016-157711,,Sean O'Donnell,consumer,USA,77041,Office Supplies,942.06,4.0
780,CA-2016-171826,2016-10-04,Sandra Flanagan,Consumer,United States of America,,Office Supplies,861.1,10.0
840,CA-2016-109485,03-Mar-17,Brosina Hoffman,Home Office,United States,,Furniture,1166.41,7.0
201,CA-2016-176056,13-Sep-18,Zuschuss Donatelli,home office,United States of America,90036,Office Supplies,21.12,6.0
135,CA-2018-193836,2018-07-15,Claire Gute,Corporate,US,77041,Office Supplies,"$1,237.71",6.0
28,CA-2018-118643,2016-05-26,Zuschuss Donatelli,Corporate,United States of America,60610.0,Office Supplies,$907.55,4.0
903,CA-2017-134326,06-Jul-17,Sandra Flanagan,Corporate,United States,60610,technology,967.4,1.0
231,CA-2017-136943,2018/13/45,Darrin Van Huff,Home Office,United States,02108,Office Supplies,$169.92,6.0
490,CA-2018-194437,2018/13/45,Ken Lonsdale,Corporate,USA,60610.0,technology,"$1,077.32",2.0
773,CA-2018-101353,31-Jan-16,Brosina Hoffman,Corporate,US,10008,Office Supplies,144.26,6.0
379,CA-2016-176385,08/22/2018,Ken Lonsdale,Consumer,United States,90036,Furniture,110.79,8.0
289,CA-2016-124470,2017-02-11,Brosina Hoffman,,USA,77041,technology,1432.87,8.0
419,CA-2019-157001,04/09/2016,Sandra Flanagan,Home Office,USA,,Office Supplies,$58.24,1.0
675,CA-2018-177799,2018/13/45,Ruben Hope,Consumer,US,02108,Technology,919.53,6.0
392,CA-2016-109666,12/27/2017,Ken Lonsdale,Consumer,United States,90036,Office Supplies,1085.19,1.0
593,CA-2019-194209,2016-08-18,RUBEN HOPE,Home Office,United States,02108,furniture,71.48,8.0
499,CA-2017-175195,2016-10-12,Ken Lonsdale,home office,United States,02108,Technology,736.32,9.0
139,CA-2019-150797,03-May-18,Claire Gute,Corporate,USA,60610,Office Supplies,"$1,025.57",3.0
63,CA-2019-117139,28-Jan-18,  sandra flanagan  ,consumer,USA,60610,Technology,$288.80,9.0
472,CA-2016-150793,2019-03-07,Claire Gute,Home Office,United States of America,60610,Office Supplies,1482.03,6.0
648,CA-2017-111498,16-Dec-16,,Consumer,United States,10008,Office Supplies,"$1,043.88",8.0
129,CA-2018-162180,2016-11-09,Zuschuss Donatelli,Home Office,United States,60610,Furniture,1248.09,9.0
10661,CA-2016-189216,2016-02-07,Darrin Van Huff,Corporate,USA,77041.0,Technology,238.85,7.0
521,CA-2018-146500,15-Nov-18,  sandra flanagan  ,Corporate,US,02108,Furniture,560.04,6.0
839,CA-2019-192678,2017-01-18,Ken Lonsdale,Home Office,,02108,Furniture,"$1,274.30",4.0
990,CA-2018-137946,11/28/2016,Ruben Hope,Corporate,United States,60610,Technology,$515.42,10.0
65,CA-2016-116864,07/17/2016,Ruben Hope,,USA,60610,Technology,592.47,9.0
813,CA-2017-189916,2017-01-08,CLAIRE GUTE,Consumer,US,02108,technology,1010.64,6.0
15,CA-2018-105014,10-Aug-16,Ruben Hope,Consumer,,60610,office supplies,998.04,5.0
157,CA-2018-170504,03/23/2019,Sandra Flanagan,Corporate,United States of America,90036,Office Supplies,532.88,7.0
41,CA-2019-168955,20-Aug-16,Ruben Hope,Home Office,USA,90036.0,Office Supplies,$642.28,8.0
493,CA-2016-182271,06/29/2019,Ken Lonsdale,Home Office,United States of America,02108,Office Supplies,173.48,10.0
380,CA-2016-113639,03/13/2016,Ken Lonsdale,consumer,,10008,Technology,583.75,2.0
188,CA-2017-107217,08/30/2019,Zuschuss Donatelli,Consumer,US,02108,Office Supplies,1346.81,8.0
764,CA-2016-145458,01-Mar-19,BROSINA HOFFMAN,Corporate,United States,02108,Technology,$89.38,8.0
217,CA-2019-169615,03/18/2018,Darrin Van Huff,Home Office,US,2108,Technology,-999.0,8.0
792,CA-2019-159105,2019-06-05,Claire Gute,Home Office,USA,10008.0,Furniture,1120.32,1.0
53,CA-2017-135755,09-Jul-18,Brosina Hoffman,Consumer,United States of America,02108,Office Supplies,210.71,
879,CA-2019-153835,16-Jun-17,Ken Lonsdale,Home Office,USA,10008,Office Supplies,803.08,7.0
338,CA-2017-198055,16-Dec-18,Ruben Hope,Consumer,United States,02108,Office Supplies,1314.58,4.0
749,CA-2018-191354,2016-10-17,Ken Lonsdale,corporate,United States of America,02108,Technology,390.75,2.0
720,CA-2017-163780,2018-05-09,Darrin Van Huff,Corporate,USA,2108,Office Supplies,1044.28,1.0
725,CA-2019-139131,2016-10-22,Brosina Hoffman,Home Office,United States of America,90036,Office Supplies,$980.93,
296,CA-2017-143522,25-Dec-16,  sandra flanagan  ,Home Office,United States,60610,Furniture,94.58,1.0
702,CA-2018-146998,,Brosina Hoffman,Corporate,US,77041,Office Supplies,$358.66,8.0
252,CA-2016-197491,24-May-16,Ken Lonsdale,corporate,US,77041,Office Supplies,1105.15,2.0
727,CA-2016-114307,22-Feb-17,Sandra Flanagan,Corporate,USA,02108,Furniture,"$1,489.25",1.0
462,CA-2017-192702,05/31/2018,Ken Lonsdale,Home Office,,60610.0,technology,$562.85,9.0
456,CA-2019-183817,01/16/2017,Sandra Flanagan,Corporate,United States,02108,Technology,$929.61,2.0
528,CA-2018-118168,05/13/2016,Darrin Van Huff,corporate,USA,77041,Technology,629.86,4.0
816,CA-2016-117337,2018/13/45,Ken Lonsdale,Home Office,United States,02108,Furniture,610.23,7.0
863,CA-2016-100674,08-Jan-16,Claire Gute,,United States of America,60610,Furniture,$830.56,
270,CA-2016-169193,10/11/2017,Darrin Van Huff,Consumer,United States of America,2108,Furniture,$152.62,6.0
202,CA-2018-121955,13-Mar-16,  zuschuss donatelli  ,Consumer,United States,90036,Technology,"$1,287.50",2.0
162,CA-2018-145107,02/10/2016,Brosina Hoffman,Home Office,United States of America,77041,Furniture,962.67,2.0
556,CA-2017-116484,2016-05-12,Darrin Van Huff,Home Office,United States,02108,Furniture,570.24,3.0
730,CA-2019-199280,07-Aug-17,Ken Lonsdale,Home Office,United States,60610,Furniture,,5.0
402,CA-2016-112502,2019-02-22,  brosina hoffman  ,Corporate,United States,,Technology,$612.77,4.0
703,CA-2016-100082,2017-03-11,KEN LONSDALE,Home Office,USA,90036,Technology,1346.32,1.0
477,CA-2016-187014,10/27/2016,Ken Lonsdale,Consumer,United States of America,02108,Office Supplies,852.34,3.0
822,CA-2017-133392,,Ken Lonsdale,Corporate,United States,77041,Office Supplies,393.72,3.0
772,CA-2018-160775,2016-07-10,Claire Gute,Consumer,United States,02108,Furniture,$656.71,5.0
106,CA-2016-157014,2019-09-18,Ruben Hope,Home Office,US,60610,Furniture,1447.13,3.0
566,CA-2016-137925,,Sandra Flanagan,Consumer,United States of America,60610,Technology,902.46,9.0
390,CA-2019-147432,06/12/2016,Ruben Hope,Corporate,US,10008,Office Supplies,$515.65,7.0
2,CA-2018-145082,05/21/2019,Darrin Van Huff,Home Office,USA,90036.0,Furniture,1477.91,6.0
962,CA-2016-134028,30-Jul-18,Brosina Hoffman,Consumer,United States of America,90036,Office Supplies,1212.7,9.0
10137,CA-2017-118111,25-Apr-18,Zuschuss Donatelli,Corporate,US,02108,Furniture,1043.0,10.0
562,CA-2016-168938,02-Aug-19,Brosina Hoffman,Corporate,United States of America,10008,Office Supplies,$509.85,5.0
932,CA-2017-143073,2019-08-25,Darrin Van Huff,Home Office,United States of America,,Furniture,977.43,10.0
81,CA-2019-101553,04-Feb-16,ZUSCHUSS DONATELLI,Home Office,United States,10008,office supplies,1439.15,2.0
206,CA-2017-178562,2019-07-30,Sean O'Donnell,Home Office,US,77041,Office Supplies,1003.03,1.0
35,CA-2019-133466,2019-09-27,Zuschuss Donatelli,Corporate,United States of America,77041,Furniture,-999.0,7.0
943,CA-2018-184240,10/28/2018,Sandra Flanagan,corporate,US,77041,Office Supplies,320.87,4.0
776,CA-2018-197695,04/06/2017,Claire Gute,Consumer,United States,90036,Office Supplies,"$1,415.69",7.0
509,CA-2017-161515,2017-11-21,Darrin Van Huff,Corporate,USA,60610,Technology,399.55,3.0
428,CA-2016-138399,26-Mar-18,Sandra Flanagan,Consumer,United States,02108,Furniture,498.39,5.0
455,CA-2018-146186,05/24/2017,Sandra Flanagan,Consumer,USA,02108,Office Supplies,1111.09,2.0
367,CA-2019-147109,26-Feb-17,Ken Lonsdale,Home Office,US,02108,Office Supplies,871.38,10.0
92,CA-2019-178174,09-Oct-16,Sean O'Donnell,Consumer,USA,77041,Office Supplies,740.13,4.0
340,CA-2016-199158,2017-09-25,Claire Gute,Home Office,,02108,Office Supplies,1438.31,3.0
898,CA-2018-192573,27-Mar-17,Brosina Hoffman,Consumer_typo,United States,2108,Technology,,6.0
565,CA-2017-139846,2019-02-09,Brosina Hoffman,Home Office,,10008,Office Supplies,1042.48 USD,6.0
346,CA-2019-135369,31-May-17,Zuschuss Donatelli,Home Office,USA,90036.0,Office Supplies,"$1,131.00",6.0
777,CA-2016-104260,2019-04-06,  ken lonsdale  ,Home Office,United States of America,2108,Technology,815.64,5.0
242,CA-2018-177264,04/24/2016,Darrin Van Huff,Home Office,US,02108,technology,1110.48,5.0
14,CA-2016-161694,2017-03-31,Zuschuss Donatelli,consumer,US,02108,Office Supplies,1266.27 USD,5.0
316,CA-2018-150040,2019-08-23,Zuschuss Donatelli,Consumer,US,60610,Furniture,1182.74,9.0
601,CA-2018-181645,05/12/2016,Ruben Hope,Consumer,US,02108,Furniture,,7.0
388,CA-2016-184133,05/23/2018,Ruben Hope,Home Office,United States,90036,Furniture,768.64,4.0
274,CA-2016-188172,12/21/2016,Sandra Flanagan,Home Office,United States of America,02108,Technology,-999.0,1.0
167,CA-2019-180967,07/16/2018,  ruben hope  ,home office,United States,10008,Office Supplies,633.26,1.0
841,CA-2019-106887,13-Aug-16,Sean O'Donnell,Home Office,United States of America,02108,Office Supplies,1321.79,9.0
320,CA-2017-162869,16-Oct-18,Darrin Van Huff,home office,United States of America,02108,Technology,68.32,4.0
647,CA-2016-146683,2017-05-15,Ken Lonsdale,Consumer,United States of America,02108,Technology,1463.04,9.0
819,CA-2016-123914,07/11/2018,  sean o'donnell  ,Home Office,United States of America,10008,Furniture,1162.66,9.0
485,CA-2017-112431,02/03/2016,  brosina hoffman  ,Corporate,US,77041,Furniture,163.49,9.0
10514,CA-2019-103018,01/13/2019,Ken Lonsdale,corporate,United States of America,2108,Technology,256.73,5.0
505,CA-2016-154869,2018-08-28,  ken lonsdale  ,Home Office,US,10008.0,Furniture,671.92,3.0
832,CA-2019-119232,22-Apr-19,Brosina Hoffman,Home Office,United States of America,02108,Office Supplies,768.99,4.0
244,CA-2018-194029,2018-05-15,Darrin Van Huff,,United States,10008,Technology,$865.83,4.0
567,CA-2018-175927,25-Feb-18,Ruben Hope,Home Office,US,10008,Furniture,647.66,1.0
876,CA-2017-126007,11/01/2019,  sean o'donnell  ,Home Office,United States of America,77041.0,Office Supplies,$911.38,1.0
563,CA-2018-117046,30-Nov-18,Ruben Hope,Corporate,United States,,Furniture,"$1,312.87",4.0
979,CA-2019-131101,22-Aug-18,DARRIN VAN HUFF,Home Office,US,10008,Office Supplies,"$1,208.63",2.0
687,CA-2016-164748,2016-07-27,Ken Lonsdale,Home Office,USA,90036,Technology,,9.0
958,CA-2018-164523,2016-09-22,,Home Office,USA,10008,Technology,$446.39,1.0
190,CA-2016-160933,2019-07-04,Ken Lonsdale,Home Office,USA,,Technology,597.09,6.0
783,CA-2017-111416,2019-10-13,  claire gute  ,,United States of America,,Office Supplies,798.1,5.0
976,CA-2018-175317,03/09/2016,Sean O'Donnell,home office,US,02108,Technology,605.7,4.0
700,CA-2016-172515,05/04/2019,Zuschuss Donatelli,Home Office,US,60610,Office Supplies,946.72,7.0
476,CA-2018-111789,10/03/2017,Brosina Hoffman,Home Office,United States of America,10008,Furniture,182.07,5.0
682,CA-2017-181737,2017-04-23,Ken Lonsdale,Consumer,USA,77041.0,Technology,1351.85,7.0
511,CA-2017-133398,10/10/2018,Zuschuss Donatelli,corporate,United States of America,77041,Furniture,1141.39 USD,2.0
59,CA-2016-134311,17-Jun-17,Zuschuss Donatelli,Consumer,United States of America,02108,Office Supplies,1069.15,2.0
475,CA-2017-150589,08-Mar-19,Sean O'Donnell,Consumer,US,77041,Furniture,"$1,181.51",1.0
561,CA-2016-176820,08/06/2016,Sean O'Donnell,Consumer,United States of America,02108,Furniture,1021.78,2.0
857,CA-2016-181375,2019-05-18,Brosina Hoffman,Corporate,United States,10008.0,Furniture,850.38,4.0
748,CA-2018-125448,2016-10-03,Sean O'Donnell,home office,United States of America,77041,Furniture,666.51,10.0
253,CA-2019-158385,03/05/2018,Darrin Van Huff,Home Office,USA,10008,Technology,439.6,3.0
22,CA-2018-175470,10/19/2019,Darrin Van Huff,Consumer,United States,60610,Technology,23.91,8.0
314,CA-2016-198763,28-Feb-17,  sean o'donnell  ,Corporate,US,02108,Furniture,,5.0
460,CA-2018-108573,19-Jul-17,Claire Gute,Home Office,United States of America,02108,Furniture,1470.37,6.0
161,CA-2018-130907,02/11/2019,,Corporate,USA,2108,Furniture,94.75,6.0
277,CA-2018-155058,12/26/2018,RUBEN HOPE,Consumer,United States,10008,Office Supplies,40.92,8.0
956,CA-2019-180461,05/09/2019,Zuschuss Donatelli,Consumer_typo,United States,,Technology,$956.49,5.0
192,CA-2017-174839,05/25/2019,Zuschuss Donatelli,Consumer,USA,02108,Furniture,$668.44,8.0
386,CA-2016-116293,20-Sep-17,,Consumer,US,60610,Furniture,390.72,3.0
806,CA-2017-176892,30-Mar-16,Brosina Hoffman,consumer,USA,10008,Technology,,10.0
414,CA-2019-195807,03/28/2018,Ruben Hope,Corporate,United States,2108,Technology,454.37,10.0
492,CA-2017-120005,08-Oct-16,KEN LONSDALE,corporate,United States of America,02108,Furniture,15.69,3.0
344,CA-2019-134449,2019-10-29,Brosina Hoffman,Consumer,United States of America,10008,Technology,"$1,228.34",3.0
770,CA-2016-169898,01/10/2017,Ken Lonsdale,Corporate,USA,90036.0,Furniture,372.3,1.0
309,CA-2016-170555,08/01/2018,Brosina Hoffman,Home Office,United States,02108,Technology,1243.89,6.0
662,CA-2019-134047,30-Jun-17,  claire gute  ,Consumer,United States of America,10008,Office Supplies,$613.07,1.0
131,CA-2018-155836,2016-08-25,Claire Gute,Consumer,USA,90036,Office Supplies,581.64,2.0
664,CA-2018-129715,20-Mar-19,Brosina Hoffman,Home Office,United States,10008,Office Supplies,1082.66,4.0
872,CA-2018-198503,2016-03-08,Sean O'Donnell,corporate,,02108,Technology,369.06,1.0
100,CA-2016-169243,01/25/2016,Ken Lonsdale,,,10008.0,Furniture,599.97,7.0
373,CA-2016-139311,04/08/2018,Zuschuss Donatelli,Home Office,US,10008,Office Supplies,154.53,2.0
88,CA-2018-131722,01-Jun-17,KEN LONSDALE,Corporate,United States of America,02108,Furniture,988.11,7.0
459,CA-2017-142160,20-May-17,Sandra Flanagan,Home Office,US,60610,Furniture,261.16,3.0
331,CA-2016-194712,21-Feb-18,Brosina Hoffman,Corporate,United States of America,10008,Office Supplies,281.62,5.0
215,CA-2019-126208,2018-02-08,Claire Gute,Home Office,US,02108,Furniture,700.97,3.0
467,CA-2018-109563,02/20/2017,  claire gute  ,Home Office,USA,,Furniture,934.54,5.0
122,CA-2018-198167,2018/13/45,Claire Gute,Consumer,USA,60610.0,technology,-999.0,5.0
615,CA-2017-142788,2019-06-28,Zuschuss Donatelli,Home Office,United States of America,60610,Furniture,884.59,3.0
21,CA-2018-129389,2019-08-24,Claire Gute,Consumer,United States,10008,Technology,"$1,167.80",
701,CA-2016-134763,2018/13/45,Sean O'Donnell,Corporate,United States,02108,Office Supplies,$904.73,9.0
72,CA-2018-185679,06-Jan-18,Sandra Flanagan,Home Office,United States,02108,Office Supplies,910.58,4.0
107,CA-2016-128183,2017-11-02,,,United States of America,60610,Furniture,97.2,2.0
271,CA-2016-106799,2017-02-18,Sandra Flanagan,Consumer,United States,2108,Technology,1014.27,7.0
861,CA-2016-192744,13-Aug-18,Zuschuss Donatelli,Corporate,US,90036,Office Supplies,1408.92,3.0
