Customer_ID,Date,Revenue,Orders,Region,Category,Retained
CUST-1029,2025-01-02,8.33,1,North,Books,Yes
CUST-1101,2025-01-03,474.99,3,East,Electronics,Yes
CUST-1274,2025-01-04,24.58,1,South,Books,Yes
CUST-1120,2025-01-04,372.98,3,West,Electronics,Yes
CUST-1316,2025-01-04,100.72,1,South,Electronics,Yes
CUST-1141,2025-01-04,75.63,1,North,Home & Kitchen,Yes
CUST-1221,2025-01-05,134.71,1,South,Home & Kitchen,No
CUST-1085,2025-01-06,15.55,1,North,Books,Yes
CUST-1061,2025-01-06,17.99,1,North,Books,No
CUST-1275,2025-01-07,247.69,1,South,Electronics,Yes
CUST-1200,2025-01-07,105.58,2,East,Beauty,Yes
CUST-1300,2025-01-08,145.18,1,North,Home & Kitchen,Yes
CUST-1173,2025-01-08,66.23,2,North,Books,No
CUST-1306,2025-01-08,114.79,2,South,Apparel,Yes
CUST-1310,2025-01-08,57.0,1,South,Apparel,Yes
CUST-1193,2025-01-08,295.89,1,East,Electronics,Yes
CUST-1071,2025-01-08,65.79,1,North,Home & Kitchen,No
CUST-1217,2025-01-11,28.91,1,East,Beauty,Yes
CUST-1092,2025-01-12,95.23,2,East,Apparel,Yes
CUST-1176,2025-01-12,20.34,1,East,Apparel,Yes
CUST-1189,2025-01-12,37.68,3,North,Books,Yes
CUST-1191,2025-01-12,69.04,1,West,Apparel,Yes
CUST-1264,2025-01-13,31.56,1,West,Books,No
CUST-1182,2025-01-13,24.48,1,West,Books,No
CUST-1146,2025-01-13,143.75,4,East,Apparel,Yes
CUST-1071,2025-01-14,81.16,2,North,Beauty,No
CUST-1239,2025-01-14,585.05,2,North,Electronics,Yes
CUST-1173,2025-01-14,114.0,1,North,Electronics,No
CUST-1174,2025-01-15,26.25,1,East,Books,No
CUST-1146,2025-01-15,144.46,1,East,Home & Kitchen,Yes
CUST-1331,2025-01-15,294.48,1,East,Electronics,Yes
CUST-1306,2025-01-15,115.76,1,South,Home & Kitchen,Yes
CUST-1117,2025-01-16,141.03,1,North,Electronics,No
CUST-1092,2025-01-16,132.24,1,East,Electronics,Yes
CUST-1080,2025-01-16,88.44,1,West,Home & Kitchen,Yes
CUST-1212,2025-01-16,15.49,1,East,Books,Yes
CUST-1293,2025-01-17,31.23,2,South,Books,Yes
CUST-1121,2025-01-17,86.86,1,West,Home & Kitchen,No
CUST-1194,2025-01-17,78.45,4,North,Books,Yes
CUST-1312,2025-01-18,196.42,1,North,Electronics,Yes
CUST-1289,2025-01-19,126.98,1,South,Electronics,Yes
CUST-1147,2025-01-19,49.74,1,South,Apparel,Yes
CUST-1125,2025-01-19,139.3,1,South,Home & Kitchen,No
CUST-1203,2025-01-19,58.97,1,West,Home & Kitchen,Yes
CUST-1324,2025-01-20,1023.08,5,West,Electronics,Yes
CUST-1261,2025-01-20,12.63,1,West,Books,No
CUST-1121,2025-01-20,652.37,4,West,Electronics,No
CUST-1200,2025-01-21,62.77,1,East,Beauty,Yes
CUST-1108,2025-01-21,131.37,2,North,Beauty,Yes
CUST-1341,2025-01-21,504.68,3,South,Electronics,Yes
CUST-1108,2025-01-21,158.59,1,North,Electronics,Yes
CUST-1091,2025-01-21,286.53,5,East,Home & Kitchen,No
CUST-1138,2025-01-22,488.59,2,South,Electronics,No
CUST-1151,2025-01-23,77.46,1,North,Home & Kitchen,Yes
CUST-1283,2025-01-23,57.57,2,North,Books,Yes
CUST-1266,2025-01-23,21.99,1,East,Apparel,Yes
CUST-1245,2025-01-23,28.99,1,West,Books,Yes
CUST-1011,2025-01-24,150.47,4,West,Beauty,Yes
CUST-1107,2025-01-24,164.9,3,East,Apparel,Yes
CUST-1215,2025-01-25,146.85,2,North,Apparel,Yes
CUST-1241,2025-01-25,281.02,3,West,Home & Kitchen,Yes
CUST-1238,2025-01-25,242.37,4,East,Home & Kitchen,Yes
CUST-1328,2025-01-26,222.92,1,South,Electronics,No
CUST-1062,2025-01-26,16.24,1,West,Books,No
CUST-1188,2025-01-26,42.08,1,South,Beauty,Yes
CUST-1053,2025-01-26,125.63,2,West,Apparel,No
CUST-1203,2025-01-27,11.54,1,West,Books,Yes
CUST-1134,2025-01-27,230.86,1,West,Electronics,Yes
CUST-1036,2025-01-28,1058.44,4,North,Electronics,Yes
CUST-1034,2025-01-29,94.37,1,West,Home & Kitchen,No
CUST-1259,2025-01-30,44.72,1,North,Apparel,Yes
CUST-1172,2025-02-01,50.43,1,South,Home & Kitchen,No
CUST-1015,2025-02-01,131.95,1,North,Home & Kitchen,Yes
CUST-1321,2025-02-01,150.97,1,East,Electronics,No
CUST-1289,2025-02-01,861.68,3,South,Electronics,Yes
CUST-1220,2025-02-01,300.19,3,East,Home & Kitchen,Yes
CUST-1157,2025-02-03,57.93,2,East,Beauty,No
CUST-1336,2025-02-04,271.48,3,West,Home & Kitchen,Yes
CUST-1053,2025-02-04,300.99,2,West,Electronics,No
CUST-1334,2025-02-05,58.51,1,North,Home & Kitchen,No
CUST-1263,2025-02-05,158.53,1,South,Electronics,Yes
CUST-1074,2025-02-05,115.81,1,East,Electronics,Yes
CUST-1240,2025-02-05,38.55,1,West,Apparel,Yes
CUST-1305,2025-02-06,77.5,1,West,Apparel,Yes
CUST-1319,2025-02-06,48.46,1,North,Apparel,Yes
CUST-1099,2025-02-06,133.59,4,North,Beauty,Yes
CUST-1197,2025-02-07,119.32,4,West,Apparel,Yes
CUST-1315,2025-02-07,90.87,2,East,Home & Kitchen,Yes
CUST-1022,2025-02-07,406.39,3,North,Electronics,Yes
CUST-1280,2025-02-08,254.4,1,West,Electronics,Yes
CUST-1139,2025-02-08,42.35,1,West,Beauty,No
CUST-1302,2025-02-09,506.77,2,South,Electronics,Yes
CUST-1012,2025-02-09,218.42,3,West,Apparel,Yes
CUST-1309,2025-02-09,18.85,1,North,Books,Yes
CUST-1172,2025-02-09,288.02,1,South,Electronics,No
CUST-1325,2025-02-09,115.52,1,East,Home & Kitchen,No
CUST-1064,2025-02-10,13.88,1,North,Books,Yes
CUST-1052,2025-02-10,140.81,1,West,Home & Kitchen,Yes
CUST-1257,2025-02-10,169.92,1,East,Electronics,Yes
CUST-1016,2025-02-10,46.66,1,North,Beauty,No
CUST-1227,2025-02-11,243.98,1,South,Electronics,No
CUST-1103,2025-02-11,643.57,3,South,Electronics,No
CUST-1169,2025-02-11,42.12,3,South,Books,Yes
CUST-1006,2025-02-11,21.36,1,North,Apparel,Yes
CUST-1042,2025-02-11,139.32,1,North,Home & Kitchen,Yes
CUST-1263,2025-02-12,48.04,2,South,Books,Yes
CUST-1213,2025-02-12,726.83,3,North,Electronics,Yes
CUST-1204,2025-02-12,49.54,1,East,Home & Kitchen,No
CUST-1089,2025-02-13,45.34,1,South,Beauty,Yes
CUST-1287,2025-02-13,151.82,1,South,Electronics,Yes
CUST-1198,2025-02-14,506.97,2,West,Electronics,Yes
CUST-1180,2025-02-14,137.29,4,North,Apparel,No
CUST-1320,2025-02-14,168.85,4,South,Apparel,Yes
CUST-1173,2025-02-14,101.19,1,North,Electronics,No
CUST-1307,2025-02-15,188.31,1,North,Electronics,Yes
CUST-1223,2025-02-16,54.46,2,South,Apparel,Yes
CUST-1293,2025-02-16,78.37,2,South,Beauty,Yes
CUST-1002,2025-02-17,135.27,1,East,Electronics,Yes
CUST-1234,2025-02-17,137.57,1,North,Home & Kitchen,Yes
CUST-1069,2025-02-18,402.29,2,West,Electronics,No
CUST-1183,2025-02-18,511.13,5,West,Home & Kitchen,Yes
CUST-1018,2025-02-18,94.52,1,South,Electronics,Yes
CUST-1259,2025-02-19,30.02,2,North,Books,Yes
CUST-1335,2025-02-19,52.47,2,North,Beauty,Yes
CUST-1007,2025-02-19,22.07,1,West,Books,Yes
CUST-1083,2025-02-19,188.65,2,North,Home & Kitchen,Yes
CUST-1136,2025-02-19,41.91,2,South,Books,Yes
CUST-1215,2025-02-20,21.46,1,North,Books,Yes
CUST-1090,2025-02-20,198.03,1,North,Electronics,Yes
CUST-1326,2025-02-20,59.17,1,South,Apparel,Yes
CUST-1162,2025-02-20,161.33,1,East,Electronics,No
CUST-1081,2025-02-21,51.49,1,East,Home & Kitchen,No
CUST-1115,2025-02-22,753.27,3,West,Electronics,Yes
CUST-1220,2025-02-22,107.64,2,East,Apparel,Yes
CUST-1148,2025-02-22,84.97,2,North,Apparel,No
CUST-1326,2025-02-23,23.81,1,South,Books,Yes
CUST-1278,2025-02-23,30.0,1,East,Apparel,Yes
CUST-1146,2025-02-23,111.78,1,East,Home & Kitchen,Yes
CUST-1323,2025-02-24,572.74,3,North,Electronics,Yes
CUST-1003,2025-02-24,629.52,3,South,Electronics,Yes
CUST-1247,2025-02-24,721.81,4,West,Electronics,Yes
CUST-1248,2025-02-25,256.8,1,West,Electronics,Yes
CUST-1167,2025-02-25,164.19,1,North,Electronics,No
CUST-1238,2025-02-26,111.32,2,East,Apparel,Yes
CUST-1029,2025-02-27,137.54,2,North,Apparel,Yes
CUST-1046,2025-02-28,119.75,5,North,Books,No
CUST-1212,2025-02-28,53.42,1,East,Apparel,Yes
CUST-1031,2025-02-28,430.99,2,North,Electronics,Yes
CUST-1138,2025-03-01,80.51,1,South,Home & Kitchen,No
CUST-1122,2025-03-02,22.73,1,North,Books,Yes
CUST-1216,2025-03-02,947.04,5,North,Electronics,Yes
CUST-1197,2025-03-02,93.72,2,West,Beauty,Yes
CUST-1125,2025-03-03,26.01,1,South,Apparel,No
CUST-1339,2025-03-03,137.36,3,North,Beauty,Yes
CUST-1075,2025-03-03,99.51,1,East,Home & Kitchen,Yes
CUST-1099,2025-03-04,28.3,2,North,Books,Yes
CUST-1338,2025-03-05,31.33,1,South,Books,No
CUST-1246,2025-03-05,528.67,2,South,Electronics,Yes
CUST-1167,2025-03-05,242.5,1,North,Electronics,No
CUST-1319,2025-03-06,261.11,4,North,Home & Kitchen,Yes
CUST-1042,2025-03-06,19.66,1,North,Books,Yes
CUST-1312,2025-03-06,20.54,1,North,Books,Yes
CUST-1113,2025-03-07,39.13,4,West,Books,Yes
CUST-1112,2025-03-07,139.0,1,West,Electronics,No
CUST-1139,2025-03-07,117.17,1,West,Home & Kitchen,No
CUST-1058,2025-03-07,42.58,1,North,Apparel,No
CUST-1213,2025-03-08,46.37,1,North,Apparel,Yes
CUST-1181,2025-03-09,128.42,1,North,Home & Kitchen,No
CUST-1127,2025-03-09,13.02,1,West,Books,Yes
CUST-1056,2025-03-09,287.08,1,North,Electronics,Yes
CUST-1321,2025-03-10,37.61,1,East,Beauty,No
CUST-1218,2025-03-11,63.48,1,East,Apparel,No
CUST-1097,2025-03-11,41.85,1,South,Apparel,No
CUST-1294,2025-03-12,455.01,4,North,Electronics,Yes
CUST-1040,2025-03-12,442.96,2,North,Electronics,No
CUST-1289,2025-03-13,106.15,1,South,Home & Kitchen,Yes
CUST-1072,2025-03-13,152.12,2,North,Home & Kitchen,Yes
CUST-1064,2025-03-13,214.77,1,North,Electronics,Yes
CUST-1314,2025-03-14,195.19,3,West,Home & Kitchen,Yes
CUST-1024,2025-03-15,357.87,2,South,Electronics,Yes
CUST-1006,2025-03-15,297.14,1,North,Electronics,Yes
CUST-1105,2025-03-16,111.48,1,North,Home & Kitchen,Yes
CUST-1329,2025-03-16,120.11,1,North,Electronics,No
CUST-1270,2025-03-16,19.72,1,West,Books,Yes
CUST-1247,2025-03-16,229.35,1,West,Electronics,Yes
CUST-1038,2025-03-16,746.48,3,East,Electronics,No
CUST-1046,2025-03-17,98.3,1,North,Electronics,No
CUST-1317,2025-03-18,88.47,2,North,Home & Kitchen,Yes
CUST-1303,2025-03-18,129.1,3,East,Apparel,No
CUST-1173,2025-03-19,38.66,1,North,Apparel,No
CUST-1090,2025-03-19,46.18,1,North,Apparel,Yes
CUST-1344,2025-03-19,229.85,3,South,Apparel,Yes
CUST-1036,2025-03-20,173.26,2,North,Home & Kitchen,Yes
CUST-1187,2025-03-20,24.17,1,South,Books,Yes
CUST-1106,2025-03-20,49.72,1,South,Beauty,Yes
CUST-1184,2025-03-21,354.19,2,North,Electronics,No
CUST-1309,2025-03-21,159.89,1,North,Electronics,Yes
CUST-1340,2025-03-21,136.34,1,South,Electronics,Yes
CUST-1020,2025-03-21,268.62,2,East,Home & Kitchen,Yes
CUST-1128,2025-03-22,52.13,1,North,Apparel,No
CUST-1022,2025-03-22,231.21,2,North,Electronics,Yes
CUST-1301,2025-03-22,119.44,4,South,Beauty,Yes
CUST-1176,2025-03-22,291.64,4,East,Apparel,Yes
CUST-1108,2025-03-22,67.98,1,North,Apparel,Yes
CUST-1086,2025-03-23,85.18,3,East,Books,Yes
CUST-1284,2025-03-23,59.05,1,South,Apparel,Yes
CUST-1111,2025-03-24,105.28,1,North,Electronics,Yes
CUST-1017,2025-03-24,173.64,1,South,Electronics,No
CUST-1125,2025-03-25,441.02,3,South,Electronics,No
CUST-1161,2025-03-25,75.55,2,East,Apparel,Yes
CUST-1246,2025-03-25,169.38,1,South,Electronics,Yes
CUST-1136,2025-03-25,62.53,1,South,Apparel,Yes
CUST-1329,2025-03-26,75.05,2,North,Apparel,No
CUST-1092,2025-03-26,48.52,1,East,Apparel,Yes
CUST-1319,2025-03-27,54.03,1,North,Beauty,Yes
CUST-1281,2025-03-27,20.32,1,North,Books,No
CUST-1308,2025-03-27,49.76,2,East,Books,Yes
CUST-1028,2025-03-27,144.27,2,South,Home & Kitchen,No
CUST-1024,2025-03-27,250.9,2,South,Home & Kitchen,Yes
CUST-1117,2025-03-27,13.17,1,North,Books,No
CUST-1270,2025-03-28,44.95,1,West,Apparel,Yes
CUST-1184,2025-03-28,304.75,3,North,Home & Kitchen,No
CUST-1048,2025-03-28,251.38,1,South,Electronics,No
CUST-1338,2025-03-31,446.46,2,South,Electronics,No
CUST-1061,2025-03-31,30.4,1,North,Apparel,No
CUST-1234,2025-04-01,51.38,3,North,Books,Yes
CUST-1158,2025-04-01,48.92,2,North,Books,No
CUST-1317,2025-04-01,14.88,1,North,Books,Yes
CUST-1210,2025-04-02,118.13,2,South,Home & Kitchen,Yes
CUST-1214,2025-04-02,124.58,1,East,Home & Kitchen,Yes
CUST-1244,2025-04-02,87.19,1,North,Home & Kitchen,No
CUST-1007,2025-04-02,110.64,1,West,Home & Kitchen,Yes
CUST-1093,2025-04-02,60.22,2,South,Books,Yes
CUST-1177,2025-04-02,190.93,3,South,Apparel,Yes
CUST-1223,2025-04-03,60.93,1,South,Apparel,Yes
CUST-1060,2025-04-03,39.14,1,South,Apparel,Yes
CUST-1109,2025-04-03,311.08,2,North,Electronics,Yes
CUST-1278,2025-04-03,102.32,2,East,Beauty,Yes
CUST-1339,2025-04-03,25.05,1,North,Apparel,Yes
CUST-1004,2025-04-03,381.1,3,North,Home & Kitchen,Yes
CUST-1216,2025-04-04,51.19,3,North,Books,Yes
CUST-1330,2025-04-04,60.27,2,South,Books,No
CUST-1026,2025-04-05,50.51,1,North,Beauty,No
CUST-1346,2025-04-06,183.82,1,East,Electronics,Yes
CUST-1290,2025-04-06,247.69,1,North,Electronics,Yes
CUST-1303,2025-04-06,29.15,1,East,Apparel,No
CUST-1113,2025-04-06,53.57,1,West,Home & Kitchen,Yes
CUST-1002,2025-04-07,313.71,3,East,Home & Kitchen,Yes
CUST-1024,2025-04-07,489.01,2,South,Electronics,Yes
CUST-1152,2025-04-08,573.32,2,North,Electronics,Yes
CUST-1109,2025-04-08,107.05,2,North,Apparel,Yes
CUST-1049,2025-04-08,349.19,3,North,Home & Kitchen,No
CUST-1013,2025-04-08,229.66,1,North,Electronics,Yes
CUST-1074,2025-04-08,245.59,1,East,Electronics,Yes
CUST-1344,2025-04-08,63.34,1,South,Home & Kitchen,Yes
CUST-1142,2025-04-09,224.37,1,South,Electronics,Yes
CUST-1208,2025-04-09,13.0,1,North,Books,No
CUST-1042,2025-04-09,69.37,1,North,Apparel,Yes
CUST-1165,2025-04-09,48.31,1,West,Apparel,Yes
CUST-1229,2025-04-09,115.71,1,East,Home & Kitchen,Yes
CUST-1298,2025-04-10,185.64,1,East,Electronics,No
CUST-1115,2025-04-10,434.92,2,West,Electronics,Yes
CUST-1044,2025-04-10,65.03,2,North,Beauty,Yes
CUST-1072,2025-04-11,56.35,1,North,Beauty,Yes
CUST-1238,2025-04-12,284.75,2,East,Home & Kitchen,Yes
CUST-1230,2025-04-12,63.46,1,East,Apparel,Yes
CUST-1297,2025-04-12,31.47,1,North,Beauty,Yes
CUST-1215,2025-04-13,121.71,1,North,Electronics,Yes
CUST-1292,2025-04-13,79.55,4,West,Books,Yes
CUST-1109,2025-04-13,39.01,1,North,Home & Kitchen,Yes
CUST-1137,2025-04-13,232.9,1,East,Electronics,Yes
CUST-1165,2025-04-13,13.32,1,West,Books,Yes
CUST-1129,2025-04-13,44.31,2,South,Books,Yes
CUST-1265,2025-04-14,53.23,1,East,Apparel,No
CUST-1111,2025-04-14,564.84,3,North,Electronics,Yes
CUST-1105,2025-04-14,139.09,1,North,Electronics,Yes
CUST-1088,2025-04-14,248.88,2,West,Home & Kitchen,Yes
CUST-1318,2025-04-14,510.09,2,North,Electronics,Yes
CUST-1039,2025-04-15,51.65,1,South,Apparel,No
CUST-1037,2025-04-15,35.72,1,North,Books,Yes
CUST-1017,2025-04-16,371.09,2,South,Electronics,No
CUST-1336,2025-04-16,24.88,1,West,Books,Yes
CUST-1187,2025-04-16,64.8,2,South,Apparel,Yes
CUST-1159,2025-04-16,275.26,1,East,Electronics,No
CUST-1052,2025-04-16,133.83,1,West,Electronics,Yes
CUST-1199,2025-04-16,130.59,1,East,Home & Kitchen,No
CUST-1031,2025-04-16,17.64,1,North,Books,Yes
CUST-1254,2025-04-16,132.91,5,North,Apparel,Yes
CUST-1286,2025-04-16,451.28,3,South,Electronics,Yes
CUST-1275,2025-04-17,41.47,1,South,Apparel,Yes
CUST-1272,2025-04-17,290.41,1,West,Electronics,Yes
CUST-1314,2025-04-18,777.33,4,West,Electronics,Yes
CUST-1155,2025-04-18,29.44,1,North,Books,Yes
CUST-1012,2025-04-18,21.24,1,West,Books,Yes
CUST-1268,2025-04-18,83.91,2,South,Home & Kitchen,No
CUST-1142,2025-04-18,40.82,1,South,Beauty,Yes
CUST-1179,2025-04-19,853.14,3,North,Electronics,No
CUST-1287,2025-04-19,248.1,2,South,Electronics,Yes
CUST-1071,2025-04-20,94.53,2,North,Beauty,No
CUST-1220,2025-04-21,89.96,3,East,Books,Yes
CUST-1341,2025-04-22,273.04,1,South,Electronics,Yes
CUST-1226,2025-04-23,43.96,1,West,Apparel,Yes
CUST-1062,2025-04-23,433.44,2,West,Electronics,No
CUST-1027,2025-04-24,113.52,4,South,Books,Yes
CUST-1067,2025-04-24,184.46,4,West,Apparel,Yes
CUST-1104,2025-04-25,66.28,1,West,Apparel,Yes
CUST-1251,2025-04-25,45.25,1,South,Apparel,Yes
CUST-1295,2025-04-25,376.97,5,South,Apparel,No
CUST-1136,2025-04-25,305.96,2,South,Electronics,Yes
CUST-1289,2025-04-25,102.04,1,South,Electronics,Yes
CUST-1072,2025-04-25,38.37,2,North,Books,Yes
CUST-1161,2025-04-25,33.89,1,East,Books,Yes
CUST-1131,2025-04-26,77.37,2,North,Apparel,Yes
CUST-1148,2025-04-26,92.32,3,North,Apparel,No
CUST-1293,2025-04-26,224.2,4,South,Home & Kitchen,Yes
CUST-1069,2025-04-27,54.85,1,West,Beauty,No
CUST-1090,2025-04-27,125.15,3,North,Beauty,Yes
CUST-1241,2025-04-27,197.85,4,West,Home & Kitchen,Yes
CUST-1202,2025-04-27,17.23,1,North,Books,Yes
CUST-1236,2025-04-27,138.04,1,North,Home & Kitchen,Yes
CUST-1001,2025-04-27,107.7,1,West,Home & Kitchen,No
CUST-1089,2025-04-28,42.84,2,South,Books,Yes
CUST-1219,2025-04-28,49.1,1,West,Beauty,Yes
CUST-1246,2025-04-29,200.42,1,South,Electronics,Yes
CUST-1277,2025-04-29,291.82,2,East,Electronics,No
CUST-1334,2025-04-30,22.16,1,North,Books,No
CUST-1007,2025-04-30,212.88,1,West,Electronics,Yes
CUST-1077,2025-04-30,44.99,2,North,Beauty,No
CUST-1071,2025-05-01,43.73,3,North,Books,No
CUST-1162,2025-05-01,228.68,2,East,Electronics,No
CUST-1216,2025-05-01,301.02,4,North,Home & Kitchen,Yes
CUST-1241,2025-05-02,88.12,2,West,Beauty,Yes
CUST-1012,2025-05-02,207.62,1,West,Electronics,Yes
CUST-1099,2025-05-02,187.31,4,North,Home & Kitchen,Yes
CUST-1316,2025-05-03,241.75,3,South,Apparel,Yes
CUST-1313,2025-05-03,35.15,1,West,Apparel,Yes
CUST-1323,2025-05-04,137.61,1,North,Home & Kitchen,Yes
CUST-1236,2025-05-04,72.26,1,North,Home & Kitchen,Yes
CUST-1270,2025-05-04,258.12,4,West,Home & Kitchen,Yes
CUST-1312,2025-05-04,166.43,1,North,Electronics,Yes
CUST-1196,2025-05-04,20.39,1,East,Books,Yes
CUST-1349,2025-05-05,149.93,3,East,Apparel,Yes
CUST-1003,2025-05-05,20.2,1,South,Books,Yes
CUST-1228,2025-05-06,46.73,1,West,Beauty,Yes
CUST-1322,2025-05-06,42.27,2,East,Books,Yes
CUST-1213,2025-05-06,10.12,1,North,Books,Yes
CUST-1149,2025-05-06,30.17,1,North,Books,No
CUST-1086,2025-05-07,40.07,1,East,Apparel,Yes
CUST-1328,2025-05-07,291.32,2,South,Electronics,No
CUST-1029,2025-05-07,17.05,1,North,Books,Yes
CUST-1024,2025-05-07,53.03,2,South,Books,Yes
CUST-1024,2025-05-08,113.03,2,South,Home & Kitchen,Yes
CUST-1098,2025-05-08,863.56,3,North,Electronics,Yes
CUST-1063,2025-05-08,280.91,1,South,Electronics,Yes
CUST-1330,2025-05-08,68.73,1,South,Apparel,No
CUST-1238,2025-05-09,364.3,2,East,Electronics,Yes
CUST-1245,2025-05-09,66.39,1,West,Apparel,Yes
CUST-1062,2025-05-09,265.13,1,West,Electronics,No
CUST-1016,2025-05-09,144.67,1,North,Electronics,No
CUST-1150,2025-05-09,224.8,2,West,Electronics,Yes
CUST-1123,2025-05-10,41.88,2,North,Books,No
CUST-1105,2025-05-10,291.38,1,North,Electronics,Yes
CUST-1284,2025-05-10,180.71,1,South,Electronics,Yes
CUST-1029,2025-05-10,66.95,2,North,Apparel,Yes
CUST-1317,2025-05-11,26.49,1,North,Beauty,Yes
CUST-1037,2025-05-11,528.59,2,North,Electronics,Yes
CUST-1008,2025-05-12,29.83,1,East,Apparel,No
CUST-1277,2025-05-12,59.34,1,East,Home & Kitchen,No
CUST-1297,2025-05-12,29.13,1,North,Apparel,Yes
CUST-1162,2025-05-12,210.34,3,East,Home & Kitchen,No
CUST-1180,2025-05-12,26.63,1,North,Books,No
CUST-1143,2025-05-12,92.79,1,North,Home & Kitchen,Yes
CUST-1087,2025-05-13,54.5,2,East,Books,No
CUST-1105,2025-05-13,10.02,1,North,Books,Yes
CUST-1295,2025-05-13,503.03,4,South,Electronics,No
CUST-1095,2025-05-14,291.61,2,South,Electronics,No
CUST-1332,2025-05-14,129.41,2,North,Home & Kitchen,Yes
CUST-1184,2025-05-14,27.73,1,North,Books,No
CUST-1161,2025-05-15,370.53,2,East,Electronics,Yes
CUST-1175,2025-05-16,372.95,2,North,Electronics,Yes
CUST-1123,2025-05-16,107.57,1,North,Home & Kitchen,No
CUST-1014,2025-05-16,48.85,2,North,Books,No
CUST-1279,2025-05-16,72.51,1,East,Apparel,Yes
CUST-1313,2025-05-16,62.67,1,West,Apparel,Yes
CUST-1021,2025-05-17,152.22,2,North,Apparel,Yes
CUST-1163,2025-05-17,141.09,2,South,Home & Kitchen,No
CUST-1122,2025-05-17,659.84,4,North,Electronics,Yes
CUST-1205,2025-05-17,107.9,1,North,Home & Kitchen,Yes
CUST-1141,2025-05-18,262.32,1,North,Electronics,Yes
CUST-1043,2025-05-18,88.21,1,West,Home & Kitchen,No
CUST-1103,2025-05-18,272.48,1,South,Electronics,No
CUST-1189,2025-05-19,233.9,3,North,Apparel,Yes
CUST-1290,2025-05-20,60.28,2,North,Books,Yes
CUST-1324,2025-05-20,24.79,1,West,Apparel,Yes
CUST-1211,2025-05-20,265.62,1,East,Electronics,Yes
CUST-1053,2025-05-20,109.91,5,West,Books,No
CUST-1192,2025-05-21,48.24,1,West,Apparel,Yes
CUST-1007,2025-05-21,59.61,1,West,Apparel,Yes
CUST-1162,2025-05-21,106.89,1,East,Home & Kitchen,No
CUST-1242,2025-05-21,114.99,2,West,Apparel,Yes
CUST-1140,2025-05-22,154.88,2,West,Home & Kitchen,Yes
CUST-1042,2025-05-22,292.5,1,North,Electronics,Yes
CUST-1239,2025-05-22,158.93,1,North,Electronics,Yes
CUST-1239,2025-05-22,423.75,2,North,Electronics,Yes
CUST-1266,2025-05-22,143.58,3,East,Home & Kitchen,Yes
CUST-1229,2025-05-22,147.38,1,East,Home & Kitchen,Yes
CUST-1327,2025-05-22,157.67,2,East,Home & Kitchen,Yes
CUST-1153,2025-05-23,39.65,1,South,Books,No
CUST-1045,2025-05-23,586.5,4,East,Home & Kitchen,No
CUST-1115,2025-05-23,127.54,1,West,Home & Kitchen,Yes
CUST-1121,2025-05-24,156.28,4,West,Apparel,No
CUST-1312,2025-05-25,38.77,1,North,Apparel,Yes
CUST-1163,2025-05-25,201.4,1,South,Electronics,No
CUST-1105,2025-05-26,180.49,2,North,Home & Kitchen,Yes
CUST-1319,2025-05-26,104.12,4,North,Books,Yes
CUST-1305,2025-05-26,29.26,1,West,Apparel,Yes
CUST-1187,2025-05-26,283.94,2,South,Electronics,Yes
CUST-1177,2025-05-26,30.41,2,South,Books,Yes
CUST-1291,2025-05-27,55.1,1,North,Apparel,Yes
CUST-1015,2025-05-27,246.63,3,North,Home & Kitchen,Yes
CUST-1016,2025-05-28,43.68,1,North,Apparel,No
CUST-1277,2025-05-28,141.21,2,East,Apparel,No
CUST-1017,2025-05-28,57.4,1,South,Apparel,No
CUST-1043,2025-05-28,195.16,1,West,Electronics,No
CUST-1094,2025-05-28,57.27,1,East,Beauty,No
CUST-1349,2025-05-28,583.69,5,East,Electronics,Yes
CUST-1246,2025-05-28,339.13,2,South,Electronics,Yes
CUST-1171,2025-05-28,561.31,2,North,Electronics,Yes
CUST-1235,2025-05-28,105.51,4,East,Books,Yes
CUST-1209,2025-05-29,106.81,1,North,Electronics,Yes
CUST-1171,2025-05-30,34.49,1,North,Beauty,Yes
CUST-1223,2025-05-30,429.25,2,South,Electronics,Yes
CUST-1149,2025-05-31,497.76,2,North,Electronics,No
CUST-1294,2025-06-01,52.02,2,North,Apparel,Yes
CUST-1338,2025-06-02,110.93,1,South,Home & Kitchen,No
CUST-1348,2025-06-03,69.48,1,South,Apparel,Yes
CUST-1339,2025-06-03,31.7,1,North,Apparel,Yes
CUST-1194,2025-06-03,72.15,2,North,Books,Yes
CUST-1326,2025-06-03,147.57,1,South,Electronics,Yes
CUST-1000,2025-06-04,102.95,2,South,Apparel,Yes
CUST-1305,2025-06-05,116.47,1,West,Electronics,Yes
CUST-1278,2025-06-06,116.01,2,East,Beauty,Yes
CUST-1017,2025-06-06,23.05,1,South,Beauty,No
CUST-1091,2025-06-07,96.37,1,East,Home & Kitchen,No
CUST-1231,2025-06-07,85.15,2,South,Home & Kitchen,No
CUST-1279,2025-06-08,40.48,1,East,Apparel,Yes
CUST-1024,2025-06-08,278.44,2,South,Electronics,Yes
CUST-1174,2025-06-08,28.68,1,East,Beauty,No
CUST-1248,2025-06-08,227.79,3,West,Home & Kitchen,Yes
CUST-1044,2025-06-08,182.16,1,North,Electronics,Yes
CUST-1213,2025-06-09,330.91,2,North,Electronics,Yes
CUST-1186,2025-06-10,36.73,1,West,Apparel,No
CUST-1125,2025-06-10,262.39,2,South,Electronics,No
CUST-1332,2025-06-11,81.93,2,North,Home & Kitchen,Yes
CUST-1027,2025-06-11,61.47,1,South,Home & Kitchen,Yes
CUST-1157,2025-06-11,20.78,1,East,Beauty,No
CUST-1312,2025-06-11,144.0,1,North,Electronics,Yes
CUST-1339,2025-06-12,113.57,1,North,Home & Kitchen,Yes
CUST-1312,2025-06-12,38.85,2,North,Books,Yes
CUST-1100,2025-06-12,46.05,1,North,Beauty,No
CUST-1024,2025-06-12,73.37,1,South,Apparel,Yes
CUST-1074,2025-06-13,235.75,4,East,Home & Kitchen,Yes
CUST-1224,2025-06-13,423.11,2,North,Electronics,No
CUST-1189,2025-06-14,81.84,1,North,Home & Kitchen,Yes
CUST-1125,2025-06-14,315.5,3,South,Home & Kitchen,No
CUST-1015,2025-06-15,172.04,1,North,Electronics,Yes
CUST-1335,2025-06-15,171.91,1,North,Electronics,Yes
CUST-1121,2025-06-16,413.05,3,West,Electronics,No
CUST-1286,2025-06-16,139.2,1,South,Electronics,Yes
CUST-1328,2025-06-16,127.17,1,South,Home & Kitchen,No
CUST-1108,2025-06-17,53.13,4,North,Books,Yes
CUST-1145,2025-06-17,24.91,3,North,Books,Yes
CUST-1108,2025-06-18,135.39,1,North,Home & Kitchen,Yes
CUST-1098,2025-06-18,26.68,1,North,Beauty,Yes
CUST-1140,2025-06-19,119.49,1,West,Home & Kitchen,Yes
CUST-1311,2025-06-20,107.75,2,North,Beauty,No
CUST-1340,2025-06-20,53.99,1,South,Beauty,Yes
CUST-1275,2025-06-20,67.22,1,South,Apparel,Yes
CUST-1012,2025-06-20,124.9,2,West,Apparel,Yes
CUST-1074,2025-06-21,129.21,2,East,Home & Kitchen,Yes
CUST-1314,2025-06-21,286.63,1,West,Electronics,Yes
CUST-1014,2025-06-21,83.0,3,North,Books,No
CUST-1099,2025-06-21,23.48,1,North,Apparel,Yes
CUST-1071,2025-06-22,394.08,2,North,Electronics,No
CUST-1272,2025-06-22,213.62,3,West,Apparel,Yes
CUST-1214,2025-06-22,13.19,1,East,Books,Yes
CUST-1173,2025-06-23,58.14,1,North,Home & Kitchen,No
CUST-1165,2025-06-24,113.78,1,West,Electronics,Yes
CUST-1053,2025-06-25,257.92,2,West,Home & Kitchen,No
CUST-1058,2025-06-25,111.48,5,North,Books,No
CUST-1199,2025-06-25,135.02,1,East,Home & Kitchen,No
CUST-1229,2025-06-25,273.14,1,East,Electronics,Yes
CUST-1297,2025-06-25,77.05,1,North,Apparel,Yes
CUST-1226,2025-06-25,144.57,5,West,Books,Yes
CUST-1174,2025-06-25,697.72,3,East,Electronics,No
CUST-1272,2025-06-25,65.69,1,West,Apparel,Yes
CUST-1205,2025-06-26,42.32,1,North,Apparel,Yes
CUST-1078,2025-06-26,641.23,4,South,Electronics,Yes
CUST-1188,2025-06-26,208.55,1,South,Electronics,Yes
CUST-1235,2025-06-27,35.32,1,East,Apparel,Yes
CUST-1191,2025-06-27,78.14,1,West,Apparel,Yes
CUST-1088,2025-06-27,85.91,1,West,Home & Kitchen,Yes
CUST-1244,2025-06-28,76.98,3,North,Books,No
CUST-1335,2025-06-28,407.17,2,North,Electronics,Yes
CUST-1349,2025-06-28,438.25,5,East,Home & Kitchen,Yes
CUST-1104,2025-06-29,137.93,1,West,Home & Kitchen,Yes
CUST-1321,2025-06-30,1071.53,4,East,Electronics,No
CUST-1250,2025-06-30,574.13,2,North,Electronics,Yes
CUST-1096,2025-06-30,67.28,1,South,Home & Kitchen,No
CUST-1160,2025-06-30,42.8,1,South,Home & Kitchen,Yes
CUST-1069,2025-06-30,253.99,1,West,Electronics,No
CUST-1017,2025-07-01,118.39,2,South,Apparel,No
CUST-1188,2025-07-01,219.28,3,South,Apparel,Yes
CUST-1247,2025-07-01,80.63,2,West,Apparel,Yes
CUST-1192,2025-07-01,28.54,1,West,Books,Yes
CUST-1008,2025-07-01,138.37,1,East,Electronics,No
CUST-1178,2025-07-01,455.5,4,West,Electronics,Yes
CUST-1082,2025-07-02,31.73,1,North,Apparel,Yes
CUST-1061,2025-07-02,214.0,3,North,Apparel,No
CUST-1097,2025-07-02,23.75,1,South,Books,No
CUST-1121,2025-07-02,130.93,1,West,Electronics,No
CUST-1055,2025-07-02,105.59,1,West,Electronics,No
CUST-1113,2025-07-02,629.71,3,West,Electronics,Yes
CUST-1060,2025-07-03,29.29,1,South,Apparel,Yes
CUST-1099,2025-07-03,206.71,4,North,Beauty,Yes
CUST-1326,2025-07-03,233.23,3,South,Apparel,Yes
CUST-1205,2025-07-03,60.46,1,North,Apparel,Yes
CUST-1139,2025-07-04,41.33,2,West,Books,No
CUST-1238,2025-07-04,43.24,1,East,Apparel,Yes
CUST-1334,2025-07-04,16.47,1,North,Beauty,No
CUST-1108,2025-07-04,30.58,1,North,Books,Yes
CUST-1335,2025-07-05,49.96,1,North,Beauty,Yes
CUST-1153,2025-07-05,53.1,2,South,Books,No
CUST-1070,2025-07-05,41.86,2,East,Books,No
CUST-1104,2025-07-06,55.11,1,West,Apparel,Yes
CUST-1225,2025-07-06,131.22,2,North,Home & Kitchen,No
CUST-1096,2025-07-06,165.9,1,South,Electronics,No
CUST-1040,2025-07-06,136.76,2,North,Apparel,No
CUST-1319,2025-07-08,111.21,3,North,Apparel,Yes
CUST-1277,2025-07-08,535.93,2,East,Electronics,No
CUST-1024,2025-07-08,79.87,1,South,Home & Kitchen,Yes
CUST-1228,2025-07-08,13.59,1,West,Books,Yes
CUST-1136,2025-07-09,64.62,1,South,Apparel,Yes
CUST-1340,2025-07-09,169.54,3,South,Apparel,Yes
CUST-1273,2025-07-10,106.97,1,West,Home & Kitchen,Yes
CUST-1156,2025-07-10,261.55,4,East,Apparel,No
CUST-1046,2025-07-10,12.11,1,North,Books,No
CUST-1018,2025-07-10,237.3,1,South,Electronics,Yes
CUST-1173,2025-07-10,40.5,1,North,Beauty,No
CUST-1272,2025-07-11,161.17,1,West,Electronics,Yes
CUST-1130,2025-07-12,141.9,3,South,Apparel,Yes
CUST-1188,2025-07-13,45.76,1,South,Home & Kitchen,Yes
CUST-1117,2025-07-13,129.01,1,North,Home & Kitchen,No
CUST-1335,2025-07-13,45.38,1,North,Home & Kitchen,Yes
CUST-1333,2025-07-13,388.62,2,North,Electronics,Yes
CUST-1139,2025-07-13,34.26,1,West,Beauty,No
CUST-1097,2025-07-13,80.25,1,South,Home & Kitchen,No
CUST-1336,2025-07-13,20.9,2,West,Books,Yes
CUST-1186,2025-07-14,45.28,1,West,Beauty,No
CUST-1338,2025-07-14,63.0,2,South,Apparel,No
CUST-1191,2025-07-14,260.59,1,West,Electronics,Yes
CUST-1070,2025-07-14,130.67,2,East,Home & Kitchen,No
CUST-1052,2025-07-16,537.62,2,West,Electronics,Yes
CUST-1068,2025-07-16,103.49,1,North,Home & Kitchen,Yes
CUST-1092,2025-07-17,252.14,1,East,Electronics,Yes
CUST-1105,2025-07-17,149.02,1,North,Home & Kitchen,Yes
CUST-1013,2025-07-17,56.77,1,North,Home & Kitchen,Yes
CUST-1144,2025-07-17,59.59,3,North,Books,Yes
CUST-1003,2025-07-17,485.63,2,South,Electronics,Yes
CUST-1018,2025-07-18,87.7,2,South,Beauty,Yes
CUST-1124,2025-07-18,228.3,2,North,Home & Kitchen,Yes
CUST-1138,2025-07-19,519.64,2,South,Electronics,No
CUST-1111,2025-07-19,183.45,1,North,Electronics,Yes
CUST-1341,2025-07-19,152.28,1,South,Home & Kitchen,Yes
CUST-1215,2025-07-19,65.63,1,North,Apparel,Yes
CUST-1085,2025-07-19,103.35,4,North,Apparel,Yes
CUST-1144,2025-07-19,69.79,1,North,Home & Kitchen,Yes
CUST-1069,2025-07-19,99.47,1,West,Home & Kitchen,No
CUST-1017,2025-07-19,263.92,1,South,Electronics,No
CUST-1109,2025-07-19,26.57,1,North,Books,Yes
CUST-1024,2025-07-20,110.15,1,South,Electronics,Yes
CUST-1212,2025-07-20,175.76,1,East,Electronics,Yes
CUST-1083,2025-07-20,106.62,2,North,Apparel,Yes
CUST-1029,2025-07-20,61.55,1,North,Apparel,Yes
CUST-1138,2025-07-20,41.39,2,South,Books,No
CUST-1041,2025-07-20,83.89,1,South,Home & Kitchen,Yes
CUST-1278,2025-07-21,114.38,1,East,Electronics,Yes
CUST-1017,2025-07-21,78.18,2,South,Beauty,No
CUST-1012,2025-07-21,54.66,1,West,Apparel,Yes
CUST-1107,2025-07-22,40.07,1,East,Beauty,Yes
CUST-1257,2025-07-22,268.82,1,East,Electronics,Yes
CUST-1253,2025-07-23,27.14,1,North,Books,Yes
CUST-1004,2025-07-23,313.0,2,North,Electronics,Yes
CUST-1247,2025-07-23,88.54,2,West,Beauty,Yes
CUST-1254,2025-07-24,84.35,1,North,Home & Kitchen,Yes
CUST-1150,2025-07-24,28.2,1,West,Apparel,Yes
CUST-1218,2025-07-24,31.03,1,East,Books,No
CUST-1299,2025-07-24,223.25,3,North,Apparel,Yes
CUST-1219,2025-07-24,55.35,1,West,Apparel,Yes
CUST-1225,2025-07-24,95.58,4,North,Books,No
CUST-1077,2025-07-24,228.5,1,North,Electronics,No
CUST-1100,2025-07-25,44.64,1,North,Beauty,No
CUST-1165,2025-07-25,33.29,1,West,Apparel,Yes
CUST-1097,2025-07-25,21.91,1,South,Books,No
CUST-1145,2025-07-25,115.12,1,North,Home & Kitchen,Yes
CUST-1348,2025-07-26,113.84,1,South,Home & Kitchen,Yes
CUST-1169,2025-07-27,35.31,1,South,Beauty,Yes
CUST-1272,2025-07-27,51.26,1,West,Apparel,Yes
CUST-1169,2025-07-27,80.46,1,South,Home & Kitchen,Yes
CUST-1214,2025-07-27,456.42,2,East,Electronics,Yes
CUST-1238,2025-07-27,245.16,5,East,Apparel,Yes
CUST-1079,2025-07-27,98.81,2,North,Apparel,Yes
CUST-1194,2025-07-27,131.1,1,North,Home & Kitchen,Yes
CUST-1310,2025-07-28,549.43,2,South,Electronics,Yes
CUST-1185,2025-07-28,22.25,2,East,Books,No
CUST-1144,2025-07-28,127.71,3,North,Apparel,Yes
CUST-1205,2025-07-28,248.3,1,North,Electronics,Yes
CUST-1116,2025-07-29,174.66,4,West,Apparel,Yes
CUST-1265,2025-07-29,22.31,1,East,Apparel,No
CUST-1127,2025-07-29,242.44,1,West,Electronics,Yes
CUST-1230,2025-07-29,95.67,2,East,Home & Kitchen,Yes
CUST-1295,2025-07-30,61.71,1,South,Apparel,No
CUST-1160,2025-07-30,427.7,2,South,Electronics,Yes
CUST-1312,2025-07-30,17.84,1,North,Books,Yes
CUST-1126,2025-07-30,445.27,4,West,Electronics,Yes
CUST-1004,2025-07-30,313.61,2,North,Electronics,Yes
CUST-1092,2025-07-31,41.51,2,East,Books,Yes
CUST-1039,2025-07-31,208.02,1,South,Electronics,No
CUST-1054,2025-07-31,283.05,1,South,Electronics,Yes
CUST-1197,2025-08-01,148.87,2,West,Apparel,Yes
CUST-1336,2025-08-01,468.84,4,West,Home & Kitchen,Yes
CUST-1314,2025-08-01,45.39,1,West,Apparel,Yes
CUST-1062,2025-08-02,129.13,2,West,Home & Kitchen,No
CUST-1196,2025-08-02,333.89,3,East,Electronics,Yes
CUST-1195,2025-08-02,113.1,2,North,Apparel,Yes
CUST-1098,2025-08-02,314.32,3,North,Electronics,Yes
CUST-1264,2025-08-03,20.7,1,West,Books,No
CUST-1075,2025-08-03,127.03,1,East,Home & Kitchen,Yes
CUST-1009,2025-08-03,215.14,1,East,Electronics,Yes
CUST-1026,2025-08-03,274.91,2,North,Home & Kitchen,No
CUST-1081,2025-08-04,44.93,2,East,Books,No
CUST-1037,2025-08-04,486.08,2,North,Electronics,Yes
CUST-1199,2025-08-04,108.37,4,East,Beauty,No
CUST-1203,2025-08-04,151.9,1,West,Electronics,Yes
CUST-1303,2025-08-04,37.56,1,East,Home & Kitchen,No
CUST-1184,2025-08-05,962.82,4,North,Electronics,No
CUST-1297,2025-08-06,248.52,5,North,Apparel,Yes
CUST-1121,2025-08-06,8.04,1,West,Books,No
CUST-1251,2025-08-06,27.08,1,South,Apparel,Yes
CUST-1178,2025-08-06,318.19,3,West,Electronics,Yes
CUST-1177,2025-08-06,72.8,1,South,Apparel,Yes
CUST-1331,2025-08-07,40.73,1,East,Apparel,Yes
CUST-1321,2025-08-07,145.63,1,East,Electronics,No
CUST-1218,2025-08-07,65.81,1,East,Apparel,No
CUST-1151,2025-08-07,76.64,3,North,Beauty,Yes
CUST-1055,2025-08-08,142.09,2,West,Apparel,No
CUST-1333,2025-08-08,276.38,2,North,Electronics,Yes
CUST-1257,2025-08-08,159.5,1,East,Electronics,Yes
CUST-1170,2025-08-08,14.04,1,East,Books,Yes
CUST-1215,2025-08-08,53.59,3,North,Beauty,Yes
CUST-1312,2025-08-08,283.69,2,North,Home & Kitchen,Yes
CUST-1335,2025-08-08,65.45,1,North,Home & Kitchen,Yes
CUST-1217,2025-08-08,309.49,3,East,Home & Kitchen,Yes
CUST-1199,2025-08-08,170.68,1,East,Electronics,No
CUST-1069,2025-08-08,163.32,1,West,Electronics,No
CUST-1198,2025-08-09,124.35,1,West,Electronics,Yes
CUST-1090,2025-08-09,134.14,1,North,Home & Kitchen,Yes
CUST-1348,2025-08-09,89.33,2,South,Apparel,Yes
CUST-1113,2025-08-09,59.52,1,West,Apparel,Yes
CUST-1319,2025-08-09,59.02,1,North,Apparel,Yes
CUST-1081,2025-08-10,232.47,1,East,Electronics,No
CUST-1168,2025-08-10,741.22,4,North,Electronics,No
CUST-1230,2025-08-11,19.97,2,East,Books,Yes
CUST-1052,2025-08-11,262.21,1,West,Electronics,Yes
CUST-1052,2025-08-11,19.99,2,West,Books,Yes
CUST-1124,2025-08-11,197.53,1,North,Electronics,Yes
CUST-1063,2025-08-11,290.91,2,South,Home & Kitchen,Yes
CUST-1065,2025-08-11,682.52,3,South,Electronics,Yes
CUST-1192,2025-08-12,42.83,1,West,Apparel,Yes
CUST-1083,2025-08-12,269.32,1,North,Electronics,Yes
CUST-1068,2025-08-12,29.06,1,North,Books,Yes
CUST-1325,2025-08-12,223.11,5,East,Beauty,No
CUST-1217,2025-08-12,232.87,2,East,Home & Kitchen,Yes
CUST-1253,2025-08-12,35.65,1,North,Home & Kitchen,Yes
CUST-1258,2025-08-12,52.93,3,South,Books,Yes
CUST-1154,2025-08-12,18.04,1,West,Books,Yes
CUST-1173,2025-08-12,29.1,1,North,Beauty,No
CUST-1199,2025-08-13,153.78,3,East,Beauty,No
CUST-1275,2025-08-14,132.08,2,South,Apparel,Yes
CUST-1093,2025-08-15,31.58,2,South,Books,Yes
CUST-1083,2025-08-15,284.73,1,North,Electronics,Yes
CUST-1101,2025-08-15,526.47,2,East,Electronics,Yes
CUST-1224,2025-08-15,79.4,1,North,Apparel,No
CUST-1304,2025-08-16,245.63,2,East,Home & Kitchen,Yes
CUST-1041,2025-08-16,127.14,1,South,Electronics,Yes
CUST-1128,2025-08-16,164.64,1,North,Electronics,No
CUST-1124,2025-08-17,48.27,2,North,Books,Yes
CUST-1086,2025-08-17,44.79,2,East,Books,Yes
CUST-1023,2025-08-18,319.69,2,South,Electronics,Yes
CUST-1045,2025-08-18,23.85,1,East,Books,No
CUST-1300,2025-08-18,21.51,1,North,Beauty,Yes
CUST-1015,2025-08-19,36.01,1,North,Books,Yes
CUST-1270,2025-08-19,243.52,2,West,Home & Kitchen,Yes
CUST-1074,2025-08-19,161.61,1,East,Electronics,Yes
CUST-1214,2025-08-19,14.1,1,East,Books,Yes
CUST-1175,2025-08-19,235.6,4,North,Home & Kitchen,Yes
CUST-1131,2025-08-19,57.57,2,North,Apparel,Yes
CUST-1034,2025-08-20,41.93,1,West,Apparel,No
CUST-1216,2025-08-20,24.72,1,North,Apparel,Yes
CUST-1108,2025-08-21,122.26,1,North,Electronics,Yes
CUST-1291,2025-08-21,118.56,1,North,Electronics,Yes
CUST-1099,2025-08-21,135.39,2,North,Home & Kitchen,Yes
CUST-1309,2025-08-21,200.97,1,North,Electronics,Yes
CUST-1048,2025-08-21,464.28,2,South,Electronics,No
CUST-1058,2025-08-21,52.83,1,North,Home & Kitchen,No
CUST-1296,2025-08-21,73.5,4,East,Books,Yes
CUST-1139,2025-08-22,24.88,1,West,Apparel,No
CUST-1031,2025-08-22,55.17,1,North,Beauty,Yes
CUST-1136,2025-08-22,134.09,1,South,Home & Kitchen,Yes
CUST-1119,2025-08-23,26.96,2,South,Books,No
CUST-1241,2025-08-23,435.67,3,West,Electronics,Yes
CUST-1061,2025-08-24,224.51,1,North,Electronics,No
CUST-1254,2025-08-24,260.33,1,North,Electronics,Yes
CUST-1091,2025-08-24,250.26,1,East,Electronics,No
CUST-1068,2025-08-24,86.49,4,North,Beauty,Yes
CUST-1203,2025-08-24,13.72,1,West,Books,Yes
CUST-1061,2025-08-24,66.01,1,North,Apparel,No
CUST-1030,2025-08-25,374.01,4,East,Home & Kitchen,Yes
CUST-1109,2025-08-25,58.61,1,North,Apparel,Yes
CUST-1254,2025-08-25,88.05,1,North,Apparel,Yes
CUST-1025,2025-08-25,238.16,3,East,Home & Kitchen,Yes
CUST-1203,2025-08-25,118.07,2,West,Apparel,Yes
CUST-1145,2025-08-25,101.61,1,North,Electronics,Yes
CUST-1113,2025-08-25,61.66,1,West,Apparel,Yes
CUST-1097,2025-08-25,1079.94,4,South,Electronics,No
CUST-1206,2025-08-27,583.38,2,North,Electronics,Yes
CUST-1025,2025-08-27,40.14,1,East,Apparel,Yes
CUST-1288,2025-08-27,79.87,2,North,Apparel,Yes
CUST-1278,2025-08-28,40.64,1,East,Apparel,Yes
CUST-1176,2025-08-28,72.17,1,East,Apparel,Yes
CUST-1160,2025-08-28,63.91,1,South,Apparel,Yes
CUST-1175,2025-08-28,160.35,2,North,Apparel,Yes
CUST-1045,2025-08-28,45.71,1,East,Beauty,No
CUST-1272,2025-08-28,82.65,1,West,Apparel,Yes
CUST-1149,2025-08-29,80.33,1,North,Apparel,No
CUST-1103,2025-08-29,380.09,2,South,Electronics,No
CUST-1182,2025-08-30,182.25,1,West,Electronics,No
CUST-1033,2025-08-30,107.65,1,West,Electronics,No
CUST-1325,2025-08-30,119.78,2,East,Apparel,No
CUST-1132,2025-08-30,33.37,1,North,Beauty,Yes
CUST-1128,2025-08-31,275.19,2,North,Home & Kitchen,No
CUST-1172,2025-08-31,51.45,1,South,Apparel,No
CUST-1138,2025-08-31,63.03,1,South,Home & Kitchen,No
CUST-1041,2025-09-01,15.73,1,South,Beauty,Yes
CUST-1159,2025-09-01,30.15,1,East,Apparel,No
CUST-1281,2025-09-01,99.42,2,North,Beauty,No
CUST-1303,2025-09-01,329.99,2,East,Electronics,No
CUST-1248,2025-09-02,380.45,3,West,Electronics,Yes
CUST-1043,2025-09-02,227.23,3,West,Apparel,No
CUST-1247,2025-09-02,135.27,4,West,Apparel,Yes
CUST-1084,2025-09-02,33.69,1,North,Beauty,Yes
CUST-1093,2025-09-02,278.45,5,South,Apparel,Yes
CUST-1010,2025-09-02,214.37,1,North,Electronics,Yes
CUST-1020,2025-09-02,301.29,4,East,Apparel,Yes
CUST-1019,2025-09-03,70.61,1,North,Apparel,Yes
CUST-1168,2025-09-03,269.05,2,North,Electronics,No
CUST-1012,2025-09-03,239.81,2,West,Electronics,Yes
CUST-1277,2025-09-04,127.32,1,East,Electronics,No
CUST-1308,2025-09-04,48.39,1,East,Beauty,Yes
CUST-1211,2025-09-04,53.54,1,East,Apparel,Yes
CUST-1038,2025-09-04,197.12,4,East,Beauty,No
CUST-1177,2025-09-05,122.76,1,South,Home & Kitchen,Yes
CUST-1291,2025-09-05,167.56,1,North,Electronics,Yes
CUST-1145,2025-09-05,28.17,2,North,Books,Yes
CUST-1015,2025-09-06,51.2,1,North,Apparel,Yes
CUST-1288,2025-09-06,86.61,4,North,Books,Yes
CUST-1185,2025-09-07,57.32,1,East,Apparel,No
CUST-1150,2025-09-07,51.39,1,West,Apparel,Yes
CUST-1072,2025-09-07,60.16,1,North,Apparel,Yes
CUST-1100,2025-09-07,154.36,2,North,Apparel,No
CUST-1343,2025-09-07,18.08,1,South,Beauty,Yes
CUST-1079,2025-09-07,213.89,3,North,Home & Kitchen,Yes
CUST-1011,2025-09-08,327.34,2,West,Electronics,Yes
CUST-1133,2025-09-08,69.73,2,North,Apparel,Yes
CUST-1091,2025-09-08,98.83,1,East,Home & Kitchen,No
CUST-1100,2025-09-08,216.1,2,North,Electronics,No
CUST-1025,2025-09-09,25.94,2,East,Books,Yes
CUST-1314,2025-09-09,29.36,1,West,Beauty,Yes
CUST-1231,2025-09-09,132.61,1,South,Electronics,No
CUST-1186,2025-09-09,29.93,1,West,Beauty,No
CUST-1281,2025-09-09,28.17,1,North,Apparel,No
CUST-1052,2025-09-09,276.17,1,West,Electronics,Yes
CUST-1099,2025-09-10,99.33,1,North,Home & Kitchen,Yes
CUST-1028,2025-09-10,28.99,1,South,Apparel,No
CUST-1270,2025-09-10,105.2,2,West,Home & Kitchen,Yes
CUST-1193,2025-09-10,775.82,3,East,Electronics,Yes
CUST-1049,2025-09-10,301.31,1,North,Electronics,No
CUST-1322,2025-09-10,132.58,1,East,Electronics,Yes
CUST-1294,2025-09-10,597.83,2,North,Electronics,Yes
CUST-1305,2025-09-11,150.85,3,West,Home & Kitchen,Yes
CUST-1008,2025-09-11,457.92,2,East,Electronics,No
CUST-1240,2025-09-11,597.82,3,West,Electronics,Yes
CUST-1213,2025-09-11,649.1,3,North,Electronics,Yes
CUST-1336,2025-09-11,41.83,1,West,Apparel,Yes
CUST-1157,2025-09-12,36.86,2,East,Books,No
CUST-1289,2025-09-12,50.61,1,South,Beauty,Yes
CUST-1023,2025-09-12,426.59,3,South,Electronics,Yes
CUST-1161,2025-09-12,65.09,1,East,Apparel,Yes
CUST-1041,2025-09-13,180.43,1,South,Electronics,Yes
CUST-1236,2025-09-13,139.2,1,North,Home & Kitchen,Yes
CUST-1304,2025-09-13,207.28,1,East,Electronics,Yes
CUST-1189,2025-09-14,27.76,1,North,Apparel,Yes
CUST-1131,2025-09-14,199.75,1,North,Electronics,Yes
CUST-1222,2025-09-15,168.76,5,North,Apparel,Yes
CUST-1322,2025-09-15,77.33,2,East,Apparel,Yes
CUST-1008,2025-09-15,22.26,2,East,Books,No
CUST-1233,2025-09-15,209.75,1,South,Electronics,Yes
CUST-1026,2025-09-16,212.95,1,North,Electronics,No
CUST-1254,2025-09-17,118.81,2,North,Beauty,Yes
CUST-1021,2025-09-17,1347.67,5,North,Electronics,Yes
CUST-1257,2025-09-17,510.56,3,East,Electronics,Yes
CUST-1348,2025-09-17,128.02,2,South,Apparel,Yes
CUST-1245,2025-09-17,108.37,3,West,Apparel,Yes
CUST-1154,2025-09-17,195.15,1,West,Electronics,Yes
CUST-1287,2025-09-17,23.66,1,South,Books,Yes
CUST-1241,2025-09-17,53.31,1,West,Beauty,Yes
CUST-1280,2025-09-18,480.44,2,West,Electronics,Yes
CUST-1175,2025-09-18,67.67,1,North,Apparel,Yes
CUST-1037,2025-09-18,47.64,1,North,Home & Kitchen,Yes
CUST-1272,2025-09-19,19.65,1,West,Books,Yes
CUST-1220,2025-09-19,988.12,4,East,Electronics,Yes
CUST-1265,2025-09-19,164.05,2,East,Home & Kitchen,No
CUST-1275,2025-09-19,35.06,1,South,Apparel,Yes
CUST-1011,2025-09-19,32.41,1,West,Books,Yes
CUST-1117,2025-09-19,117.73,1,North,Electronics,No
CUST-1117,2025-09-19,33.6,1,North,Apparel,No
CUST-1332,2025-09-20,258.26,2,North,Home & Kitchen,Yes
CUST-1330,2025-09-20,150.8,1,South,Home & Kitchen,No
CUST-1102,2025-09-21,45.78,1,North,Apparel,Yes
CUST-1332,2025-09-21,101.44,1,North,Home & Kitchen,Yes
CUST-1144,2025-09-22,80.87,2,North,Apparel,Yes
CUST-1231,2025-09-23,190.5,3,South,Apparel,No
CUST-1200,2025-09-23,479.99,2,East,Electronics,Yes
CUST-1108,2025-09-23,112.25,4,North,Books,Yes
CUST-1140,2025-09-23,49.49,1,West,Apparel,Yes
CUST-1066,2025-09-23,49.06,1,North,Beauty,Yes
CUST-1085,2025-09-24,249.96,1,North,Electronics,Yes
CUST-1239,2025-09-24,187.87,4,North,Apparel,Yes
CUST-1063,2025-09-24,21.97,1,South,Books,Yes
CUST-1180,2025-09-24,277.7,2,North,Electronics,No
CUST-1331,2025-09-25,163.55,1,East,Electronics,Yes
CUST-1102,2025-09-25,31.66,1,North,Books,Yes
CUST-1115,2025-09-25,183.35,1,West,Electronics,Yes
CUST-1345,2025-09-25,305.31,2,East,Electronics,Yes
CUST-1120,2025-09-25,106.87,2,West,Apparel,Yes
CUST-1186,2025-09-26,49.23,2,West,Books,No
CUST-1007,2025-09-26,107.94,1,West,Home & Kitchen,Yes
CUST-1103,2025-09-26,58.42,1,South,Apparel,No
CUST-1241,2025-09-27,23.53,1,West,Beauty,Yes
CUST-1211,2025-09-27,71.26,1,East,Apparel,Yes
CUST-1272,2025-09-28,44.63,1,West,Beauty,Yes
CUST-1317,2025-09-28,94.07,2,North,Beauty,Yes
CUST-1266,2025-09-28,474.3,4,East,Home & Kitchen,Yes
CUST-1231,2025-09-28,134.06,2,South,Apparel,No
CUST-1322,2025-09-29,50.91,2,East,Apparel,Yes
CUST-1179,2025-09-29,57.29,1,North,Apparel,No
CUST-1236,2025-09-29,142.25,1,North,Electronics,Yes
CUST-1126,2025-09-29,233.34,4,West,Apparel,Yes
CUST-1279,2025-09-29,262.27,1,East,Electronics,Yes
CUST-1022,2025-09-29,145.95,4,North,Apparel,Yes
CUST-1289,2025-09-29,17.06,1,South,Books,Yes
CUST-1014,2025-09-30,122.65,2,North,Apparel,No
CUST-1028,2025-09-30,9.21,1,South,Books,No
CUST-1076,2025-09-30,17.6,1,East,Books,Yes
CUST-1060,2025-09-30,1090.76,4,South,Electronics,Yes
CUST-1193,2025-09-30,128.54,1,East,Home & Kitchen,Yes
CUST-1164,2025-10-01,84.17,1,North,Apparel,Yes
CUST-1261,2025-10-01,172.89,1,West,Electronics,No
CUST-1332,2025-10-01,42.37,1,North,Apparel,Yes
CUST-1144,2025-10-01,54.94,1,North,Apparel,Yes
CUST-1259,2025-10-01,105.1,2,North,Apparel,Yes
CUST-1166,2025-10-01,266.99,1,North,Electronics,Yes
CUST-1148,2025-10-02,56.44,3,North,Beauty,No
CUST-1274,2025-10-02,36.83,2,South,Beauty,Yes
CUST-1149,2025-10-02,30.48,1,North,Apparel,No
CUST-1333,2025-10-02,69.04,1,North,Apparel,Yes
CUST-1093,2025-10-03,107.92,4,South,Apparel,Yes
CUST-1295,2025-10-03,91.28,2,South,Apparel,No
CUST-1202,2025-10-03,36.05,1,North,Apparel,Yes
CUST-1154,2025-10-03,13.66,1,West,Books,Yes
CUST-1021,2025-10-03,169.83,2,North,Home & Kitchen,Yes
CUST-1252,2025-10-03,243.9,2,West,Home & Kitchen,Yes
CUST-1301,2025-10-03,724.77,3,South,Electronics,Yes
CUST-1138,2025-10-04,31.13,1,South,Books,No
CUST-1313,2025-10-04,219.07,1,West,Electronics,Yes
CUST-1229,2025-10-04,471.45,2,East,Electronics,Yes
CUST-1055,2025-10-04,281.27,1,West,Electronics,No
CUST-1049,2025-10-04,52.4,1,North,Apparel,No
CUST-1104,2025-10-04,179.51,1,West,Electronics,Yes
CUST-1297,2025-10-04,153.31,2,North,Home & Kitchen,Yes
CUST-1212,2025-10-04,375.7,3,East,Home & Kitchen,Yes
CUST-1081,2025-10-05,18.83,1,East,Books,No
CUST-1291,2025-10-05,128.15,1,North,Electronics,Yes
CUST-1151,2025-10-05,20.06,1,North,Books,Yes
CUST-1320,2025-10-05,478.27,3,South,Electronics,Yes
CUST-1137,2025-10-05,18.83,1,East,Books,Yes
CUST-1349,2025-10-05,250.15,1,East,Electronics,Yes
CUST-1105,2025-10-05,490.17,2,North,Electronics,Yes
CUST-1307,2025-10-05,267.01,1,North,Electronics,Yes
CUST-1167,2025-10-05,53.29,1,North,Apparel,No
CUST-1145,2025-10-05,54.26,3,North,Books,Yes
CUST-1006,2025-10-05,143.29,2,North,Apparel,Yes
CUST-1210,2025-10-06,108.91,1,South,Home & Kitchen,Yes
CUST-1238,2025-10-06,77.12,1,East,Apparel,Yes
CUST-1131,2025-10-06,118.41,2,North,Home & Kitchen,Yes
CUST-1175,2025-10-06,218.89,1,North,Electronics,Yes
CUST-1124,2025-10-06,260.28,3,North,Home & Kitchen,Yes
CUST-1319,2025-10-06,26.77,1,North,Apparel,Yes
CUST-1280,2025-10-06,279.41,1,West,Electronics,Yes
CUST-1224,2025-10-07,156.75,1,North,Electronics,No
CUST-1168,2025-10-07,99.9,2,North,Apparel,No
CUST-1035,2025-10-07,685.1,3,West,Electronics,No
CUST-1203,2025-10-07,66.83,1,West,Apparel,Yes
CUST-1105,2025-10-07,210.34,1,North,Electronics,Yes
CUST-1270,2025-10-07,147.06,2,West,Apparel,Yes
CUST-1316,2025-10-07,36.67,1,South,Apparel,Yes
CUST-1132,2025-10-08,74.75,1,North,Apparel,Yes
CUST-1138,2025-10-08,97.43,1,South,Home & Kitchen,No
CUST-1319,2025-10-08,30.84,2,North,Books,Yes
CUST-1196,2025-10-08,227.68,1,East,Electronics,Yes
CUST-1047,2025-10-09,37.17,1,South,Apparel,Yes
CUST-1289,2025-10-09,108.02,4,South,Beauty,Yes
CUST-1129,2025-10-09,123.23,1,South,Electronics,Yes
CUST-1007,2025-10-09,37.78,1,West,Beauty,Yes
CUST-1165,2025-10-09,139.83,1,West,Home & Kitchen,Yes
CUST-1325,2025-10-09,275.41,1,East,Electronics,No
CUST-1144,2025-10-09,112.26,2,North,Home & Kitchen,Yes
CUST-1152,2025-10-09,36.77,2,North,Beauty,Yes
CUST-1277,2025-10-09,47.26,3,East,Books,No
CUST-1216,2025-10-09,578.71,2,North,Electronics,Yes
CUST-1168,2025-10-10,335.06,2,North,Electronics,No
CUST-1229,2025-10-10,311.83,2,East,Electronics,Yes
CUST-1104,2025-10-10,206.82,1,West,Electronics,Yes
CUST-1330,2025-10-10,310.75,4,South,Apparel,No
CUST-1238,2025-10-10,13.17,1,East,Books,Yes
CUST-1209,2025-10-10,34.79,1,North,Apparel,Yes
CUST-1219,2025-10-11,241.69,2,West,Home & Kitchen,Yes
CUST-1141,2025-10-11,14.66,1,North,Books,Yes
CUST-1164,2025-10-11,925.61,4,North,Electronics,Yes
CUST-1003,2025-10-11,63.85,2,South,Beauty,Yes
CUST-1047,2025-10-11,210.97,1,South,Electronics,Yes
CUST-1072,2025-10-11,65.26,1,North,Apparel,Yes
CUST-1101,2025-10-11,57.09,1,East,Home & Kitchen,Yes
CUST-1076,2025-10-11,101.55,2,East,Apparel,Yes
CUST-1204,2025-10-12,70.81,3,East,Books,No
CUST-1151,2025-10-12,273.56,1,North,Electronics,Yes
CUST-1111,2025-10-12,27.82,1,North,Books,Yes
CUST-1083,2025-10-13,57.76,1,North,Apparel,Yes
CUST-1062,2025-10-13,41.46,1,West,Apparel,No
CUST-1278,2025-10-13,28.36,1,East,Books,Yes
CUST-1198,2025-10-13,220.31,1,West,Electronics,Yes
CUST-1074,2025-10-13,172.71,1,East,Electronics,Yes
CUST-1087,2025-10-13,204.9,1,East,Electronics,No
CUST-1054,2025-10-13,525.6,3,South,Electronics,Yes
CUST-1115,2025-10-13,19.1,1,West,Books,Yes
CUST-1009,2025-10-13,43.41,2,East,Apparel,Yes
CUST-1282,2025-10-13,55.04,1,South,Apparel,Yes
CUST-1110,2025-10-13,135.84,1,North,Electronics,Yes
CUST-1130,2025-10-13,225.08,1,South,Electronics,Yes
CUST-1190,2025-10-14,31.82,2,North,Books,No
CUST-1206,2025-10-14,885.68,5,North,Electronics,Yes
CUST-1009,2025-10-14,377.09,2,East,Electronics,Yes
CUST-1139,2025-10-14,107.5,5,West,Beauty,No
CUST-1280,2025-10-14,79.52,1,West,Apparel,Yes
CUST-1088,2025-10-14,254.18,2,West,Home & Kitchen,Yes
CUST-1324,2025-10-14,200.96,4,West,Apparel,Yes
CUST-1117,2025-10-14,139.5,3,North,Apparel,No
CUST-1344,2025-10-14,51.64,1,South,Beauty,Yes
CUST-1269,2025-10-14,70.2,1,North,Home & Kitchen,No
CUST-1073,2025-10-14,183.46,1,West,Electronics,Yes
CUST-1067,2025-10-14,52.22,1,West,Beauty,Yes
CUST-1102,2025-10-15,102.72,2,North,Apparel,Yes
CUST-1193,2025-10-15,104.34,1,East,Home & Kitchen,Yes
CUST-1296,2025-10-15,53.76,1,East,Beauty,Yes
CUST-1064,2025-10-15,220.54,1,North,Electronics,Yes
CUST-1103,2025-10-16,397.56,5,South,Apparel,No
CUST-1053,2025-10-16,108.07,1,West,Electronics,No
CUST-1294,2025-10-16,49.93,1,North,Home & Kitchen,Yes
CUST-1298,2025-10-16,284.91,1,East,Electronics,No
CUST-1108,2025-10-16,284.73,1,North,Electronics,Yes
CUST-1217,2025-10-16,42.25,1,East,Apparel,Yes
CUST-1326,2025-10-16,76.67,2,South,Beauty,Yes
CUST-1287,2025-10-16,561.32,4,South,Electronics,Yes
CUST-1276,2025-10-16,34.57,1,East,Books,Yes
CUST-1162,2025-10-16,285.75,3,East,Home & Kitchen,No
CUST-1082,2025-10-16,1109.73,4,North,Electronics,Yes
CUST-1191,2025-10-17,70.41,1,West,Home & Kitchen,Yes
CUST-1025,2025-10-17,23.8,1,East,Books,Yes
CUST-1122,2025-10-17,125.62,1,North,Home & Kitchen,Yes
CUST-1298,2025-10-17,23.65,1,East,Books,No
CUST-1210,2025-10-17,910.82,4,South,Electronics,Yes
CUST-1272,2025-10-17,24.33,1,West,Beauty,Yes
CUST-1195,2025-10-17,874.25,4,North,Electronics,Yes
CUST-1281,2025-10-18,39.27,1,North,Beauty,No
CUST-1256,2025-10-18,626.85,3,West,Electronics,Yes
CUST-1007,2025-10-18,451.88,2,West,Electronics,Yes
CUST-1137,2025-10-18,620.4,4,East,Electronics,Yes
CUST-1210,2025-10-19,98.03,2,South,Apparel,Yes
CUST-1022,2025-10-19,135.39,1,North,Electronics,Yes
CUST-1312,2025-10-19,219.74,1,North,Electronics,Yes
CUST-1078,2025-10-19,159.93,1,South,Electronics,Yes
CUST-1207,2025-10-19,316.94,2,East,Electronics,Yes
CUST-1186,2025-10-19,60.59,1,West,Apparel,No
CUST-1001,2025-10-19,53.84,4,West,Books,No
CUST-1113,2025-10-20,152.29,3,West,Home & Kitchen,Yes
CUST-1064,2025-10-20,77.09,3,North,Books,Yes
CUST-1305,2025-10-20,62.25,2,West,Beauty,Yes
CUST-1117,2025-10-20,71.38,1,North,Apparel,No
CUST-1292,2025-10-20,190.13,1,West,Electronics,Yes
CUST-1291,2025-10-21,100.41,1,North,Electronics,Yes
CUST-1201,2025-10-21,14.79,1,North,Books,No
CUST-1037,2025-10-21,283.26,1,North,Electronics,Yes
CUST-1296,2025-10-21,38.67,1,East,Apparel,Yes
CUST-1088,2025-10-21,436.09,2,West,Electronics,Yes
CUST-1130,2025-10-21,168.31,1,South,Electronics,Yes
CUST-1060,2025-10-21,29.97,1,South,Books,Yes
CUST-1130,2025-10-21,83.29,1,South,Home & Kitchen,Yes
CUST-1335,2025-10-22,227.89,1,North,Electronics,Yes
CUST-1191,2025-10-22,369.3,2,West,Electronics,Yes
CUST-1060,2025-10-22,759.87,3,South,Electronics,Yes
CUST-1060,2025-10-22,105.34,1,South,Home & Kitchen,Yes
CUST-1236,2025-10-22,296.77,1,North,Electronics,Yes
CUST-1079,2025-10-22,234.24,1,North,Electronics,Yes
CUST-1291,2025-10-22,18.75,1,North,Books,Yes
CUST-1330,2025-10-23,195.64,1,South,Electronics,No
CUST-1036,2025-10-23,58.54,1,North,Home & Kitchen,Yes
CUST-1227,2025-10-23,113.86,1,South,Home & Kitchen,No
CUST-1155,2025-10-23,75.59,1,North,Apparel,Yes
CUST-1167,2025-10-23,62.37,1,North,Apparel,No
CUST-1125,2025-10-23,55.87,1,South,Home & Kitchen,No
CUST-1194,2025-10-23,62.69,1,North,Apparel,Yes
CUST-1341,2025-10-23,101.87,2,South,Beauty,Yes
CUST-1202,2025-10-23,321.04,3,North,Electronics,Yes
CUST-1286,2025-10-23,617.5,3,South,Electronics,Yes
CUST-1106,2025-10-23,8.29,1,South,Books,Yes
CUST-1336,2025-10-23,174.34,2,West,Home & Kitchen,Yes
CUST-1234,2025-10-23,590.06,2,North,Electronics,Yes
CUST-1089,2025-10-23,47.4,1,South,Apparel,Yes
CUST-1020,2025-10-24,217.6,3,East,Home & Kitchen,Yes
CUST-1319,2025-10-25,355.33,2,North,Electronics,Yes
CUST-1115,2025-10-25,35.95,1,West,Apparel,Yes
CUST-1183,2025-10-25,53.88,1,West,Home & Kitchen,Yes
CUST-1185,2025-10-25,276.06,1,East,Electronics,No
CUST-1099,2025-10-26,226.57,2,North,Electronics,Yes
CUST-1269,2025-10-26,104.11,4,North,Books,No
CUST-1276,2025-10-26,30.94,1,East,Books,Yes
CUST-1121,2025-10-26,541.58,2,West,Electronics,No
CUST-1146,2025-10-26,125.07,3,East,Beauty,Yes
CUST-1141,2025-10-26,109.86,2,North,Beauty,Yes
CUST-1160,2025-10-26,29.12,1,South,Books,Yes
CUST-1111,2025-10-26,51.76,1,North,Apparel,Yes
CUST-1086,2025-10-26,133.17,1,East,Home & Kitchen,Yes
CUST-1247,2025-10-27,101.5,2,West,Beauty,Yes
CUST-1188,2025-10-27,138.08,1,South,Electronics,Yes
CUST-1308,2025-10-27,430.24,3,East,Electronics,Yes
CUST-1120,2025-10-28,588.51,2,West,Electronics,Yes
CUST-1259,2025-10-28,634.09,3,North,Electronics,Yes
CUST-1172,2025-10-28,218.71,1,South,Electronics,No
CUST-1061,2025-10-28,62.82,1,North,Apparel,No
CUST-1217,2025-10-28,135.56,2,East,Apparel,Yes
CUST-1333,2025-10-28,29.75,2,North,Books,Yes
CUST-1111,2025-10-28,150.68,1,North,Electronics,Yes
CUST-1202,2025-10-28,29.48,1,North,Apparel,Yes
CUST-1008,2025-10-28,760.78,3,East,Electronics,No
CUST-1019,2025-10-29,13.68,1,North,Beauty,Yes
CUST-1349,2025-10-29,107.04,1,East,Home & Kitchen,Yes
CUST-1227,2025-10-29,17.48,1,South,Books,No
CUST-1003,2025-10-29,206.16,3,South,Apparel,Yes
CUST-1036,2025-10-29,399.58,2,North,Electronics,Yes
CUST-1183,2025-10-29,201.45,2,West,Electronics,Yes
CUST-1189,2025-10-30,797.38,4,North,Electronics,Yes
CUST-1274,2025-10-30,35.45,1,South,Apparel,Yes
CUST-1272,2025-10-30,39.16,1,West,Apparel,Yes
CUST-1203,2025-10-30,740.79,3,West,Electronics,Yes
CUST-1273,2025-10-30,147.86,3,West,Beauty,Yes
CUST-1324,2025-10-30,65.2,1,West,Apparel,Yes
CUST-1094,2025-10-30,47.5,1,East,Beauty,No
CUST-1037,2025-10-30,25.98,2,North,Books,Yes
CUST-1344,2025-10-31,8.63,1,South,Books,Yes
CUST-1228,2025-10-31,54.48,1,West,Beauty,Yes
CUST-1260,2025-10-31,333.73,2,East,Electronics,Yes
CUST-1209,2025-10-31,81.36,2,North,Beauty,Yes
CUST-1016,2025-10-31,217.97,3,North,Apparel,No
CUST-1332,2025-10-31,40.13,1,North,Apparel,Yes
CUST-1316,2025-10-31,34.7,2,South,Books,Yes
CUST-1177,2025-10-31,261.58,1,South,Electronics,Yes
CUST-1058,2025-10-31,9.76,1,North,Books,No
CUST-1253,2025-10-31,513.58,2,North,Electronics,Yes
CUST-1080,2025-10-31,57.26,2,West,Apparel,Yes
CUST-1292,2025-11-01,114.32,2,West,Apparel,Yes
CUST-1109,2025-11-01,190.53,5,North,Beauty,Yes
CUST-1260,2025-11-01,291.24,1,East,Electronics,Yes
CUST-1227,2025-11-01,54.11,1,South,Home & Kitchen,No
CUST-1315,2025-11-01,91.07,3,East,Apparel,Yes
CUST-1146,2025-11-01,31.08,2,East,Books,Yes
CUST-1207,2025-11-01,79.15,1,East,Apparel,Yes
CUST-1077,2025-11-01,45.68,1,North,Home & Kitchen,No
CUST-1210,2025-11-01,162.96,1,South,Electronics,Yes
CUST-1315,2025-11-01,224.34,2,East,Electronics,Yes
CUST-1188,2025-11-02,109.76,2,South,Beauty,Yes
CUST-1295,2025-11-02,570.78,2,South,Electronics,No
CUST-1208,2025-11-02,35.61,1,North,Beauty,No
CUST-1323,2025-11-03,31.25,1,North,Beauty,Yes
CUST-1089,2025-11-03,236.64,2,South,Electronics,Yes
CUST-1111,2025-11-03,125.66,1,North,Home & Kitchen,Yes
CUST-1188,2025-11-03,67.05,2,South,Apparel,Yes
CUST-1136,2025-11-04,70.56,3,South,Books,Yes
CUST-1344,2025-11-04,45.39,3,South,Books,Yes
CUST-1014,2025-11-04,581.86,2,North,Electronics,No
CUST-1268,2025-11-04,118.68,1,South,Home & Kitchen,No
CUST-1320,2025-11-04,587.36,4,South,Electronics,Yes
CUST-1162,2025-11-05,245.86,4,East,Apparel,No
CUST-1227,2025-11-05,23.12,1,South,Books,No
CUST-1085,2025-11-05,92.39,2,North,Apparel,Yes
CUST-1032,2025-11-06,127.54,2,North,Apparel,Yes
CUST-1253,2025-11-06,569.24,3,North,Electronics,Yes
CUST-1233,2025-11-06,34.51,1,South,Apparel,Yes
CUST-1043,2025-11-06,20.55,1,West,Books,No
CUST-1315,2025-11-06,53.9,1,East,Apparel,Yes
CUST-1234,2025-11-06,88.17,1,North,Home & Kitchen,Yes
CUST-1166,2025-11-07,257.88,2,North,Home & Kitchen,Yes
CUST-1159,2025-11-07,315.5,3,East,Electronics,No
CUST-1190,2025-11-07,139.11,1,North,Home & Kitchen,No
CUST-1104,2025-11-07,53.59,1,West,Home & Kitchen,Yes
CUST-1110,2025-11-07,28.93,1,North,Books,Yes
CUST-1270,2025-11-07,10.16,1,West,Books,Yes
CUST-1233,2025-11-07,26.0,1,South,Apparel,Yes
CUST-1287,2025-11-07,302.0,1,South,Electronics,Yes
CUST-1134,2025-11-07,249.96,2,West,Home & Kitchen,Yes
CUST-1109,2025-11-08,136.91,1,North,Electronics,Yes
CUST-1243,2025-11-08,74.32,2,South,Apparel,Yes
CUST-1204,2025-11-08,20.63,1,East,Books,No
CUST-1100,2025-11-08,51.37,1,North,Apparel,No
CUST-1034,2025-11-08,46.47,2,West,Books,No
CUST-1020,2025-11-08,32.99,2,East,Books,Yes
CUST-1192,2025-11-08,47.66,1,West,Beauty,Yes
CUST-1214,2025-11-09,699.13,3,East,Electronics,Yes
CUST-1134,2025-11-09,244.29,1,West,Electronics,Yes
CUST-1342,2025-11-09,64.08,2,North,Apparel,Yes
CUST-1050,2025-11-09,61.34,2,West,Apparel,Yes
CUST-1244,2025-11-09,28.96,1,North,Books,No
CUST-1078,2025-11-09,208.98,1,South,Electronics,Yes
CUST-1028,2025-11-10,61.32,3,South,Beauty,No
CUST-1235,2025-11-10,256.89,5,East,Beauty,Yes
CUST-1156,2025-11-10,34.4,1,East,Apparel,No
CUST-1254,2025-11-10,183.4,3,North,Beauty,Yes
CUST-1170,2025-11-10,488.5,3,East,Electronics,Yes
CUST-1092,2025-11-10,232.26,1,East,Electronics,Yes
CUST-1028,2025-11-10,231.94,3,South,Apparel,No
CUST-1250,2025-11-10,683.72,4,North,Electronics,Yes
CUST-1328,2025-11-11,45.4,2,South,Books,No
CUST-1090,2025-11-11,48.47,1,North,Apparel,Yes
CUST-1268,2025-11-11,28.1,1,South,Books,No
CUST-1148,2025-11-11,128.3,1,North,Electronics,No
CUST-1335,2025-11-11,236.58,1,North,Electronics,Yes
CUST-1138,2025-11-12,860.15,4,South,Electronics,No
CUST-1303,2025-11-12,24.29,1,East,Books,No
CUST-1240,2025-11-12,112.41,1,West,Home & Kitchen,Yes
CUST-1199,2025-11-12,100.17,2,East,Apparel,No
CUST-1130,2025-11-12,104.87,2,South,Apparel,Yes
CUST-1161,2025-11-12,17.8,1,East,Books,Yes
CUST-1242,2025-11-13,264.49,1,West,Electronics,Yes
CUST-1081,2025-11-13,619.77,3,East,Electronics,No
CUST-1249,2025-11-13,377.14,2,West,Electronics,Yes
CUST-1061,2025-11-13,16.91,1,North,Books,No
CUST-1082,2025-11-13,963.25,4,North,Electronics,Yes
CUST-1332,2025-11-13,10.93,1,North,Books,Yes
CUST-1294,2025-11-13,150.08,1,North,Home & Kitchen,Yes
CUST-1250,2025-11-13,18.81,1,North,Beauty,Yes
CUST-1339,2025-11-14,82.88,1,North,Home & Kitchen,Yes
CUST-1281,2025-11-14,164.9,1,North,Electronics,No
CUST-1265,2025-11-14,44.27,1,East,Apparel,No
CUST-1016,2025-11-14,63.07,2,North,Books,No
CUST-1094,2025-11-14,11.84,1,East,Books,No
CUST-1076,2025-11-15,161.9,2,East,Apparel,Yes
CUST-1307,2025-11-15,62.84,2,North,Apparel,Yes
CUST-1307,2025-11-15,82.55,5,North,Books,Yes
CUST-1227,2025-11-15,192.11,2,South,Home & Kitchen,No
CUST-1015,2025-11-15,25.62,1,North,Books,Yes
CUST-1072,2025-11-15,201.77,1,North,Electronics,Yes
CUST-1273,2025-11-15,118.45,2,West,Beauty,Yes
CUST-1122,2025-11-15,75.97,3,North,Beauty,Yes
CUST-1203,2025-11-15,403.29,5,West,Home & Kitchen,Yes
CUST-1323,2025-11-15,169.82,2,North,Home & Kitchen,Yes
CUST-1207,2025-11-15,460.41,2,East,Electronics,Yes
CUST-1190,2025-11-16,89.56,2,North,Apparel,No
CUST-1186,2025-11-16,94.88,3,West,Apparel,No
CUST-1069,2025-11-16,151.6,2,West,Apparel,No
CUST-1225,2025-11-16,152.54,2,North,Apparel,No
CUST-1348,2025-11-16,782.02,3,South,Electronics,Yes
CUST-1310,2025-11-16,590.48,4,South,Home & Kitchen,Yes
CUST-1280,2025-11-16,8.58,1,West,Books,Yes
CUST-1092,2025-11-16,17.37,1,East,Beauty,Yes
CUST-1315,2025-11-16,249.78,2,East,Electronics,Yes
CUST-1217,2025-11-16,65.34,1,East,Apparel,Yes
CUST-1266,2025-11-16,133.99,1,East,Home & Kitchen,Yes
CUST-1164,2025-11-17,73.81,2,North,Apparel,Yes
CUST-1211,2025-11-17,219.25,4,East,Beauty,Yes
CUST-1011,2025-11-17,50.28,1,West,Apparel,Yes
CUST-1297,2025-11-17,61.85,3,North,Beauty,Yes
CUST-1034,2025-11-17,58.39,1,West,Apparel,No
CUST-1252,2025-11-17,90.51,1,West,Home & Kitchen,Yes
CUST-1058,2025-11-17,23.45,1,North,Beauty,No
CUST-1317,2025-11-18,78.12,2,North,Apparel,Yes
CUST-1290,2025-11-18,123.61,4,North,Books,Yes
CUST-1272,2025-11-18,100.13,2,West,Beauty,Yes
CUST-1055,2025-11-18,74.41,1,West,Apparel,No
CUST-1073,2025-11-19,106.83,1,West,Home & Kitchen,Yes
CUST-1326,2025-11-19,591.79,3,South,Electronics,Yes
CUST-1183,2025-11-19,28.7,1,West,Apparel,Yes
CUST-1264,2025-11-19,522.42,2,West,Electronics,No
CUST-1060,2025-11-19,203.45,1,South,Electronics,Yes
CUST-1019,2025-11-19,63.72,1,North,Home & Kitchen,Yes
CUST-1167,2025-11-20,44.53,1,North,Home & Kitchen,No
CUST-1105,2025-11-20,283.36,2,North,Electronics,Yes
CUST-1114,2025-11-20,34.77,1,East,Apparel,No
CUST-1140,2025-11-20,110.88,4,West,Books,Yes
CUST-1057,2025-11-20,11.63,1,North,Books,Yes
CUST-1279,2025-11-20,112.3,1,East,Electronics,Yes
CUST-1039,2025-11-20,118.75,2,South,Apparel,No
CUST-1244,2025-11-20,100.76,2,North,Apparel,No
CUST-1340,2025-11-20,66.81,3,South,Books,Yes
CUST-1218,2025-11-20,278.56,1,East,Electronics,No
CUST-1115,2025-11-21,13.59,1,West,Books,Yes
CUST-1325,2025-11-21,150.58,3,East,Apparel,No
CUST-1079,2025-11-21,72.09,1,North,Apparel,Yes
CUST-1165,2025-11-21,105.39,3,West,Beauty,Yes
CUST-1285,2025-11-21,87.93,1,North,Home & Kitchen,Yes
CUST-1097,2025-11-21,217.71,1,South,Electronics,No
CUST-1044,2025-11-21,117.89,1,North,Home & Kitchen,Yes
CUST-1091,2025-11-22,147.11,2,East,Home & Kitchen,No
CUST-1279,2025-11-22,100.74,2,East,Beauty,Yes
CUST-1250,2025-11-22,67.78,1,North,Home & Kitchen,Yes
CUST-1169,2025-11-22,57.19,3,South,Books,Yes
CUST-1156,2025-11-22,136.41,1,East,Electronics,No
CUST-1195,2025-11-22,36.31,1,North,Beauty,Yes
CUST-1315,2025-11-22,90.52,3,East,Beauty,Yes
CUST-1223,2025-11-23,61.61,1,South,Home & Kitchen,Yes
CUST-1110,2025-11-23,79.41,2,North,Apparel,Yes
CUST-1027,2025-11-23,95.71,1,South,Electronics,Yes
CUST-1211,2025-11-23,31.48,1,East,Apparel,Yes
CUST-1188,2025-11-23,157.34,1,South,Home & Kitchen,Yes
CUST-1175,2025-11-24,471.14,2,North,Electronics,Yes
CUST-1054,2025-11-24,189.58,4,South,Beauty,Yes
CUST-1313,2025-11-24,176.76,4,West,Apparel,Yes
CUST-1186,2025-11-24,25.75,1,West,Beauty,No
CUST-1174,2025-11-25,141.79,1,East,Electronics,No
CUST-1300,2025-11-25,82.29,2,North,Beauty,Yes
CUST-1277,2025-11-25,295.05,2,East,Home & Kitchen,No
CUST-1326,2025-11-25,32.57,1,South,Books,Yes
CUST-1163,2025-11-25,15.5,1,South,Books,No
CUST-1258,2025-11-25,41.49,1,South,Apparel,Yes
CUST-1245,2025-11-25,204.04,2,West,Electronics,Yes
CUST-1124,2025-11-25,106.93,3,North,Beauty,Yes
CUST-1326,2025-11-25,73.7,1,South,Home & Kitchen,Yes
CUST-1178,2025-11-25,122.02,2,West,Apparel,Yes
CUST-1025,2025-11-26,116.2,2,East,Apparel,Yes
CUST-1024,2025-11-26,33.04,1,South,Beauty,Yes
CUST-1292,2025-11-26,32.12,1,West,Apparel,Yes
CUST-1075,2025-11-26,167.1,3,East,Home & Kitchen,Yes
CUST-1087,2025-11-26,94.0,1,East,Home & Kitchen,No
CUST-1220,2025-11-26,478.81,4,East,Electronics,Yes
CUST-1048,2025-11-27,63.11,1,South,Apparel,No
CUST-1026,2025-11-27,364.35,2,North,Electronics,No
CUST-1180,2025-11-27,144.28,2,North,Home & Kitchen,No
CUST-1132,2025-11-27,42.48,1,North,Apparel,Yes
CUST-1254,2025-11-27,337.14,3,North,Electronics,Yes
CUST-1211,2025-11-28,165.13,1,East,Electronics,Yes
CUST-1099,2025-11-28,195.8,1,North,Electronics,Yes
CUST-1324,2025-11-28,35.44,1,West,Apparel,Yes
CUST-1101,2025-11-28,271.43,4,East,Apparel,Yes
CUST-1008,2025-11-29,37.44,1,East,Apparel,No
CUST-1180,2025-11-29,159.96,3,North,Home & Kitchen,No
CUST-1104,2025-11-30,39.49,1,West,Apparel,Yes
CUST-1086,2025-11-30,104.88,5,East,Beauty,Yes
CUST-1051,2025-11-30,33.86,2,East,Books,No
CUST-1230,2025-11-30,38.72,1,East,Apparel,Yes
CUST-1236,2025-11-30,785.0,3,North,Electronics,Yes
CUST-1142,2025-11-30,23.97,1,South,Books,Yes
CUST-1097,2025-11-30,218.26,4,South,Apparel,No
CUST-1249,2025-11-30,184.76,1,West,Electronics,Yes
CUST-1161,2025-11-30,67.17,1,East,Apparel,Yes
CUST-1143,2025-11-30,58.36,1,North,Beauty,Yes
CUST-1027,2025-12-01,209.33,1,South,Electronics,Yes
CUST-1066,2025-12-01,130.2,1,North,Electronics,Yes
CUST-1086,2025-12-01,414.85,3,East,Electronics,Yes
CUST-1305,2025-12-01,46.38,1,West,Home & Kitchen,Yes
CUST-1299,2025-12-01,201.93,2,North,Electronics,Yes
CUST-1155,2025-12-01,151.95,2,North,Apparel,Yes
CUST-1226,2025-12-01,71.82,1,West,Apparel,Yes
CUST-1101,2025-12-01,201.0,1,East,Electronics,Yes
CUST-1221,2025-12-01,410.9,2,South,Electronics,No
CUST-1249,2025-12-01,56.07,2,West,Books,Yes
CUST-1291,2025-12-02,72.88,2,North,Apparel,Yes
CUST-1224,2025-12-02,123.59,3,North,Beauty,No
CUST-1187,2025-12-02,72.57,1,South,Apparel,Yes
CUST-1275,2025-12-02,241.01,5,South,Apparel,Yes
CUST-1022,2025-12-02,254.54,1,North,Electronics,Yes
CUST-1319,2025-12-02,186.66,2,North,Home & Kitchen,Yes
CUST-1171,2025-12-02,136.58,1,North,Electronics,Yes
CUST-1053,2025-12-02,16.34,1,West,Books,No
CUST-1046,2025-12-02,444.55,3,North,Electronics,No
CUST-1234,2025-12-02,20.07,2,North,Books,Yes
CUST-1212,2025-12-02,8.95,1,East,Books,Yes
CUST-1191,2025-12-02,62.48,1,West,Beauty,Yes
CUST-1221,2025-12-02,19.56,1,South,Books,No
CUST-1018,2025-12-02,31.02,1,South,Apparel,Yes
CUST-1185,2025-12-03,12.48,1,East,Books,No
CUST-1223,2025-12-03,21.02,1,South,Apparel,Yes
CUST-1057,2025-12-03,78.79,2,North,Apparel,Yes
CUST-1102,2025-12-03,112.95,2,North,Beauty,Yes
CUST-1295,2025-12-03,439.84,2,South,Electronics,No
CUST-1070,2025-12-03,26.48,1,East,Books,No
CUST-1006,2025-12-03,57.46,1,North,Home & Kitchen,Yes
CUST-1213,2025-12-03,253.44,4,North,Apparel,Yes
CUST-1287,2025-12-03,34.13,1,South,Apparel,Yes
CUST-1331,2025-12-04,119.58,1,East,Home & Kitchen,Yes
CUST-1332,2025-12-04,187.04,4,North,Home & Kitchen,Yes
CUST-1115,2025-12-04,203.61,2,West,Electronics,Yes
CUST-1253,2025-12-04,68.81,1,North,Apparel,Yes
CUST-1341,2025-12-04,76.23,1,South,Apparel,Yes
CUST-1018,2025-12-04,89.89,1,South,Home & Kitchen,Yes
CUST-1250,2025-12-04,74.74,3,North,Books,Yes
CUST-1156,2025-12-04,119.72,4,East,Apparel,No
CUST-1174,2025-12-04,850.15,4,East,Electronics,No
CUST-1302,2025-12-05,54.81,1,South,Apparel,Yes
CUST-1344,2025-12-05,267.65,1,South,Electronics,Yes
CUST-1107,2025-12-05,39.86,1,East,Apparel,Yes
CUST-1094,2025-12-05,18.66,1,East,Books,No
CUST-1160,2025-12-05,692.09,4,South,Electronics,Yes
CUST-1140,2025-12-06,50.38,1,West,Apparel,Yes
CUST-1284,2025-12-06,297.47,2,South,Home & Kitchen,Yes
CUST-1257,2025-12-06,268.47,1,East,Electronics,Yes
CUST-1239,2025-12-06,72.48,3,North,Books,Yes
CUST-1165,2025-12-07,103.13,1,West,Home & Kitchen,Yes
CUST-1140,2025-12-07,238.46,1,West,Electronics,Yes
CUST-1305,2025-12-07,130.43,1,West,Home & Kitchen,Yes
CUST-1227,2025-12-07,223.67,3,South,Apparel,No
CUST-1039,2025-12-07,265.24,1,South,Electronics,No
CUST-1317,2025-12-07,22.68,1,North,Books,Yes
CUST-1292,2025-12-07,18.07,1,West,Books,Yes
CUST-1251,2025-12-07,456.13,2,South,Electronics,Yes
CUST-1088,2025-12-08,238.43,2,West,Home & Kitchen,Yes
CUST-1067,2025-12-08,49.35,1,West,Home & Kitchen,Yes
CUST-1019,2025-12-08,453.16,2,North,Electronics,Yes
CUST-1172,2025-12-08,52.85,2,South,Books,No
CUST-1010,2025-12-09,119.72,1,North,Home & Kitchen,Yes
CUST-1272,2025-12-09,129.24,2,West,Apparel,Yes
CUST-1131,2025-12-09,53.59,1,North,Apparel,Yes
CUST-1060,2025-12-09,308.86,3,South,Home & Kitchen,Yes
CUST-1019,2025-12-09,251.76,1,North,Electronics,Yes
CUST-1082,2025-12-09,118.73,1,North,Electronics,Yes
CUST-1186,2025-12-10,149.48,2,West,Home & Kitchen,No
CUST-1086,2025-12-10,76.18,1,East,Apparel,Yes
CUST-1225,2025-12-10,140.32,1,North,Home & Kitchen,No
CUST-1025,2025-12-10,204.11,2,East,Electronics,Yes
CUST-1105,2025-12-10,128.87,1,North,Home & Kitchen,Yes
CUST-1223,2025-12-11,188.4,1,South,Electronics,Yes
CUST-1171,2025-12-11,97.77,1,North,Home & Kitchen,Yes
CUST-1263,2025-12-11,10.7,1,South,Books,Yes
CUST-1167,2025-12-11,534.44,4,North,Home & Kitchen,No
CUST-1086,2025-12-12,513.73,4,East,Home & Kitchen,Yes
CUST-1079,2025-12-12,36.43,1,North,Apparel,Yes
CUST-1264,2025-12-12,20.32,1,West,Books,No
CUST-1341,2025-12-12,354.04,3,South,Home & Kitchen,Yes
CUST-1140,2025-12-12,43.35,1,West,Apparel,Yes
CUST-1192,2025-12-13,120.49,2,West,Apparel,Yes
CUST-1242,2025-12-13,49.84,1,West,Home & Kitchen,Yes
CUST-1309,2025-12-13,163.86,3,North,Home & Kitchen,Yes
CUST-1149,2025-12-13,136.61,2,North,Apparel,No
CUST-1098,2025-12-13,168.73,1,North,Electronics,Yes
CUST-1315,2025-12-13,31.44,1,East,Beauty,Yes
CUST-1111,2025-12-14,68.59,1,North,Apparel,Yes
CUST-1159,2025-12-14,189.34,4,East,Apparel,No
CUST-1345,2025-12-14,268.34,4,East,Home & Kitchen,Yes
CUST-1307,2025-12-14,526.73,2,North,Electronics,Yes
CUST-1182,2025-12-14,52.5,1,West,Apparel,No
CUST-1068,2025-12-15,224.55,1,North,Electronics,Yes
CUST-1094,2025-12-15,67.87,1,East,Apparel,No
CUST-1161,2025-12-15,136.54,1,East,Electronics,Yes
CUST-1330,2025-12-15,76.71,1,South,Home & Kitchen,No
CUST-1274,2025-12-15,44.55,1,South,Apparel,Yes
CUST-1041,2025-12-15,12.34,1,South,Books,Yes
CUST-1023,2025-12-16,150.12,1,South,Electronics,Yes
CUST-1002,2025-12-16,150.53,2,East,Apparel,Yes
CUST-1153,2025-12-16,236.48,2,South,Home & Kitchen,No
CUST-1114,2025-12-16,296.27,1,East,Electronics,No
CUST-1179,2025-12-16,20.47,1,North,Books,No
CUST-1247,2025-12-16,461.73,4,West,Home & Kitchen,Yes
CUST-1291,2025-12-16,143.11,1,North,Home & Kitchen,Yes
CUST-1109,2025-12-17,141.28,2,North,Apparel,Yes
CUST-1287,2025-12-17,90.5,1,South,Home & Kitchen,Yes
CUST-1325,2025-12-17,16.23,1,East,Books,No
CUST-1311,2025-12-17,32.16,1,North,Books,No
CUST-1010,2025-12-17,19.79,1,North,Books,Yes
CUST-1155,2025-12-17,259.17,1,North,Electronics,Yes
CUST-1133,2025-12-17,52.72,1,North,Home & Kitchen,Yes
CUST-1341,2025-12-17,188.14,2,South,Home & Kitchen,Yes
CUST-1145,2025-12-17,46.08,1,North,Apparel,Yes
CUST-1315,2025-12-17,74.11,1,East,Home & Kitchen,Yes
CUST-1029,2025-12-18,32.01,1,North,Apparel,Yes
CUST-1214,2025-12-18,18.31,1,East,Books,Yes
CUST-1119,2025-12-18,12.74,1,South,Books,No
CUST-1013,2025-12-18,501.11,2,North,Electronics,Yes
CUST-1015,2025-12-18,88.75,2,North,Apparel,Yes
CUST-1110,2025-12-19,105.26,3,North,Beauty,Yes
CUST-1239,2025-12-19,113.38,4,North,Books,Yes
CUST-1055,2025-12-19,61.19,1,West,Apparel,No
CUST-1173,2025-12-19,104.57,2,North,Apparel,No
CUST-1325,2025-12-19,55.2,4,East,Books,No
CUST-1035,2025-12-19,16.62,1,West,Books,No
CUST-1277,2025-12-19,160.92,1,East,Electronics,No
CUST-1293,2025-12-19,278.06,2,South,Home & Kitchen,Yes
CUST-1318,2025-12-20,142.36,2,North,Apparel,Yes
CUST-1145,2025-12-20,144.86,1,North,Home & Kitchen,Yes
CUST-1069,2025-12-20,27.74,1,West,Books,No
CUST-1206,2025-12-20,173.14,2,North,Home & Kitchen,Yes
CUST-1220,2025-12-20,378.32,5,East,Home & Kitchen,Yes
CUST-1109,2025-12-20,135.65,2,North,Apparel,Yes
CUST-1175,2025-12-21,104.99,2,North,Beauty,Yes
CUST-1180,2025-12-21,59.01,1,North,Apparel,No
CUST-1345,2025-12-21,531.53,2,East,Electronics,Yes
CUST-1149,2025-12-22,39.33,2,North,Books,No
CUST-1151,2025-12-22,266.57,1,North,Electronics,Yes
CUST-1065,2025-12-22,40.1,2,South,Books,Yes
CUST-1103,2025-12-22,17.8,1,South,Books,No
CUST-1042,2025-12-22,182.43,4,North,Home & Kitchen,Yes
CUST-1006,2025-12-23,36.43,1,North,Beauty,Yes
CUST-1212,2025-12-23,124.11,5,East,Beauty,Yes
CUST-1248,2025-12-23,19.75,1,West,Books,Yes
CUST-1150,2025-12-23,308.63,2,West,Electronics,Yes
CUST-1137,2025-12-23,162.12,1,East,Electronics,Yes
CUST-1308,2025-12-23,120.35,1,East,Home & Kitchen,Yes
CUST-1268,2025-12-23,96.49,1,South,Home & Kitchen,No
CUST-1300,2025-12-24,228.1,1,North,Electronics,Yes
CUST-1275,2025-12-24,51.61,3,South,Books,Yes
CUST-1056,2025-12-24,353.36,5,North,Home & Kitchen,Yes
CUST-1251,2025-12-24,271.83,2,South,Electronics,Yes
CUST-1190,2025-12-24,190.35,1,North,Electronics,No
CUST-1179,2025-12-24,52.89,3,North,Books,No
CUST-1015,2025-12-24,458.49,3,North,Electronics,Yes
CUST-1080,2025-12-24,43.25,1,West,Beauty,Yes
CUST-1035,2025-12-25,129.58,1,West,Home & Kitchen,No
CUST-1022,2025-12-25,67.78,2,North,Apparel,Yes
CUST-1229,2025-12-25,166.18,2,East,Home & Kitchen,Yes
CUST-1174,2025-12-25,37.45,1,East,Home & Kitchen,No
CUST-1303,2025-12-25,20.34,2,East,Books,No
CUST-1238,2025-12-25,49.2,1,East,Apparel,Yes
CUST-1294,2025-12-25,188.96,1,North,Electronics,Yes
CUST-1053,2025-12-26,327.44,4,West,Home & Kitchen,No
CUST-1293,2025-12-26,104.6,1,South,Electronics,Yes
CUST-1170,2025-12-26,64.06,1,East,Apparel,Yes
CUST-1208,2025-12-26,223.98,1,North,Electronics,No
CUST-1115,2025-12-26,149.75,2,West,Apparel,Yes
CUST-1090,2025-12-27,199.57,1,North,Electronics,Yes
CUST-1057,2025-12-27,48.87,1,North,Beauty,Yes
CUST-1288,2025-12-27,135.63,2,North,Apparel,Yes
CUST-1163,2025-12-27,48.6,1,South,Apparel,No
CUST-1209,2025-12-28,189.64,1,North,Electronics,Yes
CUST-1018,2025-12-28,985.73,4,South,Electronics,Yes
CUST-1285,2025-12-28,44.2,1,North,Beauty,Yes
CUST-1340,2025-12-28,56.0,3,South,Books,Yes
CUST-1267,2025-12-28,47.99,1,East,Apparel,Yes
CUST-1167,2025-12-28,74.27,1,North,Apparel,No
CUST-1054,2025-12-28,182.28,1,South,Electronics,Yes
CUST-1208,2025-12-28,285.91,1,North,Electronics,No
CUST-1133,2025-12-28,29.88,1,North,Apparel,Yes
CUST-1026,2025-12-28,67.85,1,North,Apparel,No
CUST-1073,2025-12-28,61.02,1,West,Apparel,Yes
CUST-1285,2025-12-29,40.68,1,North,Apparel,Yes
CUST-1140,2025-12-29,50.18,1,West,Beauty,Yes
CUST-1334,2025-12-29,11.29,1,North,Books,No
CUST-1007,2025-12-29,141.48,1,West,Home & Kitchen,Yes
CUST-1281,2025-12-29,92.68,1,North,Home & Kitchen,No
CUST-1114,2025-12-29,97.27,2,East,Apparel,No
CUST-1336,2025-12-29,123.18,1,West,Electronics,Yes
CUST-1100,2025-12-30,144.77,1,North,Home & Kitchen,No
CUST-1204,2025-12-30,378.06,3,East,Home & Kitchen,No
CUST-1343,2025-12-30,39.79,1,South,Apparel,Yes
CUST-1034,2025-12-30,66.67,2,West,Apparel,No
CUST-1278,2025-12-30,207.67,4,East,Apparel,Yes
CUST-1174,2025-12-30,45.0,1,East,Beauty,No
CUST-1321,2025-12-31,280.06,1,East,Electronics,No
CUST-1205,2025-12-31,207.39,1,North,Electronics,Yes
CUST-1092,2025-12-31,110.7,1,East,Home & Kitchen,Yes
CUST-1227,2025-12-31,199.58,4,South,Home & Kitchen,No
CUST-1070,2025-12-31,52.86,1,East,Apparel,No
CUST-1174,2025-12-31,229.49,3,East,Apparel,No
CUST-1013,2025-12-31,125.11,1,North,Home & Kitchen,Yes
CUST-1163,2025-12-31,140.83,1,South,Electronics,No
